Dia/hora;Evento
Domingo, 25 de Outubro de 2020;
N∆o h† nenhum evento cadastrado;
S†bado, 24 de Outubro de 2020;
N∆o h† nenhum evento cadastrado;
Sexta-Feira, 23 de Outubro de 2020;
N∆o h† nenhum evento cadastrado;
Quinta-Feira, 22 de Outubro de 2020;
09:00h - ;DESPACHOS INTERNOS
11:30h - ;REUNI«O COM O SR MINISTRO DE ESTADO DA DEFESA
13:30h - ;DESPACHOS INTERNOS
15:00h - ;REUNI«O COM O CMT DA FORÄA AêREA DA SUêCIA
17:00h -; DESPACHOS INTERNOS
19:00h - ;CERIM‚NIA DE ENTREGA DA ORDEM DO MêRITO AERONµUTICO AO CMT DA FORÄA AêREA DA SUêCIA
;
Quarta-Feira, 21 de Outubro de 2020;
09:00h - ;DESPACHOS INTERNOS
13:00h - ;DESPACHOS INTERNOS
16:00h - ;CERIM‚NIA DE ANIVERSµRIO DO EMAER
17:00h - ;DESPACHOS INTERNOS
;
Teráa-Feira, 20 de Outubro de 2020;
N∆o h† nenhum evento cadastrado;
Segunda-Feira, 19 de Outubro de 2020;
11:30h - ;ALMOÄO COM O PRESIDENTE DA REPÈBLICA E COM O MINISTRO DA DEFESA
14:00h - ;DESPACHOS INTERNOS
;
Domingo, 18 de Outubro de 2020;
N∆o h† nenhum evento cadastrado;
S†bado, 17 de Outubro de 2020;
N∆o h† nenhum evento cadastrado;
Sexta-Feira, 16 de Outubro de 2020;
09:00h - ;DESPACHOS INTERNOS
10:00h - ;CERIM‚NIA DE PASSAGEM DE CARGO DO EMAER
13:00h - ;DESPACHOS INTERNOS
;
Quinta-Feira, 15 de Outubro de 2020;
09:00h - ;DESPACHOS INTERNOS
13:30h - ;CERIM‚NIA DE DESPEDIDA DO CH DO EMAER DO SERVIÄO ATIVO
;
Quarta-Feira, 14 de Outubro de 2020;
09:00h - ;DESPACHOS INTERNOS
13:00h - ;DESPACHOS INTERNOS
16:00h - ;PASSAGEM DE COMANDO DA SECRETARIA DE ECONOMIA, FINANÄAS E ADMINISTRAÄ«O DA AERONµUTICA
18:00h -; REUNI«O COM O MINISTRO DAS CI“NCIAS, TECNOLOGIA E INOVAÄÂES
;
Teráa-Feira, 13 de Outubro de 2020;
09:00h - ;CELEBRAÄ«O INTER-RELIGIOSA ALUSIVA AO DIA DO AVIADOR E DA FAB
13:00h - ;DESPACHOS INTERNOS
;
Segunda-Feira, 12 de Outubro de 2020;
N∆o h† nenhum evento cadastrado;
Domingo, 11 de Outubro de 2020;
N∆o h† nenhum evento cadastrado;
S†bado, 10 de Outubro de 2020;
N∆o h† nenhum evento cadastrado;
Sexta-Feira, 09 de Outubro de 2020;
09:00h - ;DESPACHOS INTERNOS
;
Quinta-Feira, 08 de Outubro de 2020;
09:00h - ;REUNI«O MENSAL COM O ALTO COMANDO DA AERONµUTICA
13:00h - ;REUNI«O MENSAL COM O ALTO COMANDO DA AERONµUTICA
;
Quarta-Feira, 07 de Outubro de 2020;
09:00h -; REUNI«O MENSAL COM O ALTO COMANDO DA AERONµUTICA
13:00h - ;REUNI«O MENSAL COM O ALTO COMANDO DA AERONµUTICA
17:00h - ;LANÄAMENTO DO PROGRAM VOO SIMPLES
;
Teráa-Feira, 06 de Outubro de 2020;
09:00h - ;VISITA AO CAMPO DE PROVAS BRIGADEIRO VELLOSO COM O MINISTRO DA DEFESA
15:30h - ;DESPACHOS INTERNOS
;
Segunda-Feira, 05 de Outubro de 2020;
N∆o h† nenhum evento cadastrado;
Domingo, 04 de Outubro de 2020;
N∆o h† nenhum evento cadastrado;
S†bado, 03 de Outubro de 2020;
N∆o h† nenhum evento cadastrado;
Sexta-Feira, 02 de Outubro de 2020;
09:00h - ;DESPACHOS INTERNOS
13:00h - ;DESPACHOS INTERNOS
;
Quinta-Feira, 01 de Outubro de 2020;
09:00h - ;CERIM‚NIA DE DESPEDIDA DO TEN BRIG WILLIAM
13:00h -; DESPACHOS INTERNOS
17:00h - ;REUNI«O COM O SR MINISTRO DA CI“NCIA, TECNOLOGIA E INOVAÄÂES
;
Quarta-Feira, 30 de Setembro de 2020;
09:00h - APRESENTAÄ«O SOBRE TRATAMENTO DE µGUA POR PLASMA FRIO;
13:00h - DESPACHOS INTERNOS;
15:00h - PLENµRIA DO CDPEB;
;
Teráa-Feira, 29 de Setembro de 2020;
09:00h - REUNI«O DE DIRETORES DO COMGAP;
17:30h - REUNI«O NO MINISTêRIO DA DEFESA;
;
Segunda-Feira, 28 de Setembro de 2020;
09:00h - DESPACHOS INTERNOS;
13:00h - DESPACHOS INTERNOS;
;
Domingo, 27 de Setembro de 2020;
N∆o h† nenhum evento cadastrado;
S†bado, 26 de Setembro de 2020;
N∆o h† nenhum evento cadastrado;
Sexta-Feira, 25 de Setembro de 2020;
N∆o h† nenhum evento cadastrado;
Quinta-Feira, 24 de Setembro de 2020;
N∆o h† nenhum evento cadastrado;
Quarta-Feira, 23 de Setembro de 2020;
09:00h - DESPACHOS INTERNOS;
13:00h - DESPACHOS INTERNOS;
;
Teráa-Feira, 22 de Setembro de 2020;
09:00h - DESPACHOS INTERNOS;
13:00h - DESPACHOS INTERNOS;
14:00h - VIDEOONFER“NCIA COM O EMBAIXADOR DA ÷NDIA;
16:00h - REUNI«O COM O SECRETµRIO ESPECIAL DA CULTURA;
;
Segunda-Feira, 21 de Setembro de 2020;
09:00h - DESPACHOS INTERNOS;
13:00h - DESPACHOS INTERNOS;
;
Domingo, 20 de Setembro de 2020;
N∆o h† nenhum evento cadastrado;
S†bado, 19 de Setembro de 2020;
N∆o h† nenhum evento cadastrado;
Sexta-Feira, 18 de Setembro de 2020;
09:00h - DESPACHOS INTERNOS;
13:00h - DESPACHOS INTERNOS;
;
Quinta-Feira, 17 de Setembro de 2020;
09:00h - DESPACHOS INTERNOS;
13:00h - DESPACHOS INTERNOS;
;
Quarta-Feira, 16 de Setembro de 2020;
10:00h - ENCONTRO DOS GESTORES DO COMANDO-GERAL DO PESSOAL;
15:30h - REUNI«O DE COORDENAÄ«O COM CHEFES, COMANDANTES, DIRETORES E PRESIDENTES DAS ORGANIZAÄÂES SUBORDINADA;
;
Teráa-Feira, 15 de Setembro de 2020;
09:00h - DESPACHOS INTERNOS;
13:00h - DESPACHOS INTERNOS;
;
Segunda-Feira, 14 de Setembro de 2020;
N∆o h† nenhum evento cadastrado;
Domingo, 13 de Setembro de 2020;
N∆o h† nenhum evento cadastrado;
S†bado, 12 de Setembro de 2020;
N∆o h† nenhum evento cadastrado;
Sexta-Feira, 11 de Setembro de 2020;
N∆o h† nenhum evento cadastrado;
Quinta-Feira, 10 de Setembro de 2020;
09:00h - DESPACHOS INTERNOS;
13:00h - DESPACHOS INTERNOS;
16:00h - SESS«O DE POSSE DO PRESIDENTE DO SUPREMO TRIBUNAL FEDERAL;
;
Quarta-Feira, 09 de Setembro de 2020;
09:00h - REUNI«O MENSAL COM O ALTO COMANDO DA AERONµUTICA;
10:30h - REUNI«O DO CONSELHO SUPERIOR DE GOVERNANÄA;
13:00h - REUNI«O MENSAL COM O ALTO COMANDO DA AERONµUTICA;
;
Teráa-Feira, 08 de Setembro de 2020;
09:00h - REUNI«O MENSAL COM O ALTO COMANDO DA AERONµUTICA;
13:00h - REUNI«O MENSAL COM O ALTO COMANDO DA AERONµUTICA;
;
Segunda-Feira, 07 de Setembro de 2020;
N∆o h† nenhum evento cadastrado;
Domingo, 06 de Setembro de 2020;
N∆o h† nenhum evento cadastrado;
S†bado, 05 de Setembro de 2020;
N∆o h† nenhum evento cadastrado;
Sexta-Feira, 04 de Setembro de 2020;
09:00h - DESPACHOS INTERNOS;
13:00h - DESPACHOS INTERNOS;
;
Quinta-Feira, 03 de Setembro de 2020;
09:00h - DESPACHOS INTERNOS;
13:00h - DESPACHOS INTERNOS;
;
Quarta-Feira, 02 de Setembro de 2020;
09:00h - DESPACHOS INTERNOS;
13:00h - DESPACHOS INTERNOS;
;
Teráa-Feira, 01 de Setembro de 2020;
09:00h - VISITA AO EXOP TµPIO;
;
Segunda-Feira, 31 de Agosto de 2020;
09:00h - FORMATURA DE PROMOÄ«O DOS ASPIRANTES AO PRIMEIRO POSTO;
;
Domingo, 30 de Agosto de 2020;
N∆o h† nenhum evento cadastrado;
S†bado, 29 de Agosto de 2020;
N∆o h† nenhum evento cadastrado;
Sexta-Feira, 28 de Agosto de 2020;
09:00h - DESPACHOS INTERNOS;
13:00h - DESPACHOS INTERNOS;
;
Quinta-Feira, 27 de Agosto de 2020;
09:30h - REUNI«O COM O SR MINISTRO DE ESTADO DA DEFESA;
11:00h - REUNI«O COM O SR. ADVOGADO-GERAL DA UNI«O;
13:00h - DESPACHOS INTERNOS;
16:30h - VIDEO CONFER“NCIA COM O SR MINISTRO DE ESTADO DA DEFESA;
;
Quarta-Feira, 26 de Agosto de 2020;
N∆o h† nenhum evento cadastrado;
Teráa-Feira, 25 de Agosto de 2020;
09:00h - VISITA AO COMAE COM O SR MINISTRO DA JUSTIÄA;
13:00h - DESPACHOS INTERNOS;
;
Segunda-Feira, 24 de Agosto de 2020;
09:00h - DESPACHOS INTERNOS;
13:30h - DESPACHOS INTERNOS;
;
Domingo, 23 de Agosto de 2020;
N∆o h† nenhum evento cadastrado;
S†bado, 22 de Agosto de 2020;
N∆o h† nenhum evento cadastrado;
Sexta-Feira, 21 de Agosto de 2020;
10:00h - CERIM‚NIA ALUSIVA AO DIA DA INTEND“NCIA;
13:30h - DESPACHOS INTERNOS;
;
Quinta-Feira, 20 de Agosto de 2020;
09:00h - DESPACHOS INTERNOS;
13:30h - DESPACHOS INTERNOS;
;
Quarta-Feira, 19 de Agosto de 2020;
09:00h - DESPACHOS INTERNOS;
13:00h - DESPACHOS INTERNOS;
16:00h - DESPACHOS INTERNOS;
;
Teráa-Feira, 18 de Agosto de 2020;
09:00h - INAUGURAÄ«O DE RADAR COM O PRESIDENTE DA REPÈBLICA;
16:00h - DESPACHOS INTERNOS;
;
Segunda-Feira, 17 de Agosto de 2020;
09:00h - DESPACHOS INTERNOS;
13:00h - DESPACHOS INTERNOS;
;
Domingo, 16 de Agosto de 2020;
N∆o h† nenhum evento cadastrado;
S†bado, 15 de Agosto de 2020;
N∆o h† nenhum evento cadastrado;
Sexta-Feira, 14 de Agosto de 2020;
09:00h - DESPACHOS INTERNOS;
13:30h - DESPACHOS INTERNOS;
;
Quinta-Feira, 13 de Agosto de 2020;
09:00h - DESPACHOS INTERNOS;
13:00h - DESPACHOS INTERNOS;
;
Quarta-Feira, 12 de Agosto de 2020;
09:00h - CERIM‚NIA DE EMBARQUE DO APOIO ∑S V÷TIMAS DO L÷BANO;
15:00h - REUNI«O COM O SR MINISTRO DE ESTADO DA DEFESA;
16:00h - DESPACHOS INTERNOS;
;
Teráa-Feira, 11 de Agosto de 2020;
09:00h - DESPACHOS INTERNOS;
13:00h - DESPACHOS INTERNOS;
;
Segunda-Feira, 10 de Agosto de 2020;
N∆o h† nenhum evento cadastrado;
Domingo, 09 de Agosto de 2020;
N∆o h† nenhum evento cadastrado;
S†bado, 08 de Agosto de 2020;
N∆o h† nenhum evento cadastrado;
Sexta-Feira, 07 de Agosto de 2020;
09:00h - DESPACHOS INTERNOS;
13:00h - DESPACHOS INTERNOS;
;
Quinta-Feira, 06 de Agosto de 2020;
09:00h - DESPACHOS INTERNOS;
13:00h - DESPACHOS INTERNOS;
;
Quarta-Feira, 05 de Agosto de 2020;
09:00h - DESPACHOS INTERNOS;
13:00h - DESPACHOS INTERNOS;
;
Teráa-Feira, 04 de Agosto de 2020;
09:00h - DESPACHOS INTERNOS;
13:30h - DESPACHOS INTERNOS;
;
Segunda-Feira, 03 de Agosto de 2020;
09:00h - DESPACHOS INTERNOS;
13:00h - DESPACHOS INTERNOS;
;
Domingo, 02 de Agosto de 2020;
N∆o h† nenhum evento cadastrado;
S†bado, 01 de Agosto de 2020;
N∆o h† nenhum evento cadastrado;
Sexta-Feira, 31 de Julho de 2020;
09:00h - DESPACHOS INTERNOS;
13:00h - DESPACHOS INTERNOS;
;
Quinta-Feira, 30 de Julho de 2020;
09:00h - DESPACHOS INTERNOS;
13:30h - DESPACHOS INTERNOS;
;
Quarta-Feira, 29 de Julho de 2020;
N∆o h† nenhum evento cadastrado;
Teráa-Feira, 28 de Julho de 2020;
09:00h - REUNI«O MENSAL COM O ALTO COMANDO DA AERONµUTICA;
12:00h - REUNI«O COM O SR MINISTRO DE ESTADO DA DEFESA;
14:00h - REUNI«O MENSAL COM O ALTO COMANDO DA AERONµUTICA;
;
Segunda-Feira, 27 de Julho de 2020;
N∆o h† nenhum evento cadastrado;
Domingo, 26 de Julho de 2020;
N∆o h† nenhum evento cadastrado;
S†bado, 25 de Julho de 2020;
N∆o h† nenhum evento cadastrado;
Sexta-Feira, 24 de Julho de 2020;
09:00h - DESPACHOS INTERNOS;
13:30h - DESPACHOS INTERNOS;
;
Quinta-Feira, 23 de Julho de 2020;
09:00h - DESPACHOS INTERNOS;
13:00h - DESPACHOS INTERNOS;
;
Quarta-Feira, 22 de Julho de 2020;
10:00h - REUNI«O DO CONSELHO DE DEFESA NACIONALPARA CERIM‚NIA DE APRESENTAÄ«O DA POL÷TICA NACIONAL DE DEFESA,;
13:00h - DESPACHOS INTERNOS;
;
Teráa-Feira, 21 de Julho de 2020;
09:00h - DESPACHOS INTERNOS;
13:00h - DESPACHOS INTERNOS;
;
Segunda-Feira, 20 de Julho de 2020;
N∆o h† nenhum evento cadastrado;
Domingo, 19 de Julho de 2020;
N∆o h† nenhum evento cadastrado;
S†bado, 18 de Julho de 2020;
N∆o h† nenhum evento cadastrado;
Sexta-Feira, 17 de Julho de 2020;
09:00h - DESPACHOS INTERNOS;
13:00h - DESPACHOS INTERNOS;
;
Quinta-Feira, 16 de Julho de 2020;
N∆o h† nenhum evento cadastrado;
Quarta-Feira, 15 de Julho de 2020;
09:00h - DESPACHOS INTERNOS;
13:00h - DESPACHOS INTERNOS;
;
Teráa-Feira, 14 de Julho de 2020;
N∆o h† nenhum evento cadastrado;
Segunda-Feira, 13 de Julho de 2020;
09:00h - DESPACHOS INTERNOS;
13:00h - DESPACHOS INTERNOS;
15:00h - VIDEOCONFER“NCIA COM O EMBAIXADOR DOS EUA NO BRASIL;
16:00h - DESPACHOS INTERNOS;
;
Domingo, 12 de Julho de 2020;
N∆o h† nenhum evento cadastrado;
S†bado, 11 de Julho de 2020;
N∆o h† nenhum evento cadastrado;
Sexta-Feira, 10 de Julho de 2020;
10:00h - CERIM‚NIA DE ENTREGA DE ESPADINS AOS CADETES DA ACADEMIA DE FORÄA AêREA;
;
Quinta-Feira, 09 de Julho de 2020;
N∆o h† nenhum evento cadastrado;
Quarta-Feira, 08 de Julho de 2020;
09:00h - DESPACHOS INTERNOS;
13:30h - DESPACHOS INTERNOS;
;
Teráa-Feira, 07 de Julho de 2020;
09:00h - VGM SANTOS (VISITA HCAMP E GALC);
;
Segunda-Feira, 06 de Julho de 2020;
09:00h - DESPACHOS INTERNOS;
13:30h - DESPACHOS INTERNOS;
;
Domingo, 05 de Julho de 2020;
N∆o h† nenhum evento cadastrado;
S†bado, 04 de Julho de 2020;
N∆o h† nenhum evento cadastrado;
Sexta-Feira, 03 de Julho de 2020;
N∆o h† nenhum evento cadastrado;
Quinta-Feira, 02 de Julho de 2020;
N∆o h† nenhum evento cadastrado;
Quarta-Feira, 01 de Julho de 2020;
09:00h - DESPACHOS INTERNOS;
14:30h - REUNI«O COM O COMANDANTE DA MARINHA DO BRASIL;
16:00h - DESPACHOS INTERNOS;
;
Teráa-Feira, 30 de Junho de 2020;
09:00h - DESPACHOS INTERNOS;
13:00h - DESPACHOS INTERNOS;
;
Segunda-Feira, 29 de Junho de 2020;
N∆o h† nenhum evento cadastrado;
Domingo, 28 de Junho de 2020;
N∆o h† nenhum evento cadastrado;
S†bado, 27 de Junho de 2020;
N∆o h† nenhum evento cadastrado;
Sexta-Feira, 26 de Junho de 2020;
09:00h - DESPACHOS INTERNOS;
13:30h - DESPACHOS INTERNOS;
;
Quinta-Feira, 25 de Junho de 2020;
09:00h - DESPACHOS INTERNOS;
13:30h - DESPACHOS INTERNOS;
;
Quarta-Feira, 24 de Junho de 2020;
09:00h - DESPACHOS INTERNOS;
13:30h - DESPACHOS INTERNOS;
;
Teráa-Feira, 23 de Junho de 2020;
09:00h - DESPACHOS INTERNOS;
13:00h - REUNI«O COM O SR MINISTRO DA DEFESA;
16:00h - INAUGURAÄ«O DO CENTRO DE OPERAÄÂES ESPACIAIS;
;
Segunda-Feira, 22 de Junho de 2020;
09:00h - DESPACHOS INTERNOS;
13:00h - DESPACHOS INTERNOS;
;
Domingo, 21 de Junho de 2020;
N∆o h† nenhum evento cadastrado;
S†bado, 20 de Junho de 2020;
N∆o h† nenhum evento cadastrado;
Sexta-Feira, 19 de Junho de 2020;
09:00h - FORMATURA DA ESCOLA DE ESPECIALISTAS DE AERONµUTICA;
;
Quinta-Feira, 18 de Junho de 2020;
09:00h - DESPACHOS INTERNOS;
13:00h - DESPACHOS INTERNOS;
14:30h - REUNI«O COM O SR MINISTRO DE ESTADO DA DEFESA;
16:00h - DESPACHOS INTERNOS;
;
Quarta-Feira, 17 de Junho de 2020;
N∆o h† nenhum evento cadastrado;
Teráa-Feira, 16 de Junho de 2020;
09:00h - DESPACHOS INTERNOS;
13:00h - DESPACHOS INTERNOS;
;
Segunda-Feira, 15 de Junho de 2020;
09:00h - DESPACHOS INTERNOS;
11:00h - VIDEO CONFER“NCIA COM O SR MINISTRO DE ESTADO DA DEFESA;
13:00h - DESPACHOS INTERNOS;
;
Domingo, 14 de Junho de 2020;
N∆o h† nenhum evento cadastrado;
S†bado, 13 de Junho de 2020;
N∆o h† nenhum evento cadastrado;
Sexta-Feira, 12 de Junho de 2020;
N∆o h† nenhum evento cadastrado;
Quinta-Feira, 11 de Junho de 2020;
N∆o h† nenhum evento cadastrado;
Quarta-Feira, 10 de Junho de 2020;
09:00h - DESPACHOS INTERNOS;
13:30h - DESPACHOS INTERNOS;
;
Teráa-Feira, 09 de Junho de 2020;
09:00h - DESPACHOS INTERNOS;
13:30h - DESPACHOS INTERNOS;
;
Segunda-Feira, 08 de Junho de 2020;
09:00h - DESPACHOS INTERNOS;
16:00h - REUNI«O COM A MINISTRA DA MULHER, DA FAM÷LIA E DOS DIREITOS HUMANOS;
17:00h - DESPACHOS INTERNOS;
;
Domingo, 07 de Junho de 2020;
N∆o h† nenhum evento cadastrado;
S†bado, 06 de Junho de 2020;
N∆o h† nenhum evento cadastrado;
Sexta-Feira, 05 de Junho de 2020;
09:00h - DESPACHOS INTERNOS;
10:00h - ATIVIDADE COM O MINISTRO DA DEFESA ALUSIVA AO PROFESP;
13:00h - DESPACHOS INTERNOS;
;
Quinta-Feira, 04 de Junho de 2020;
09:00h - DESPACHOS INTERNOS;
13:00h - DESPACHOS INTERNOS;
15:30h - REUNI«O COM O SR PRESIDENTE DA REPÈBLICA E COM O SR MINISTRO DE ESTADO DA DEFESA;
16:30h - DESPACHOS INTERNOS;
;
Quarta-Feira, 03 de Junho de 2020;
09:00h - DESPACHOS INTERNOS;
13:30h - DESPACHOS INTERNOS;
16:30h - REUNI«O COM O MINISTRO DA DEFESA;
;
Teráa-Feira, 02 de Junho de 2020;
09:00h - DESPACHOS INTERNOS;
13:30h - DESPACHOS INTERNOS;
;
Segunda-Feira, 01 de Junho de 2020;
13:30h - DESPACHOS INTERNOS;
;
Domingo, 31 de Maio de 2020;
N∆o h† nenhum evento cadastrado;
S†bado, 30 de Maio de 2020;
N∆o h† nenhum evento cadastrado;
Sexta-Feira, 29 de Maio de 2020;
09:00h - DESPACHOS INTERNOS;
13:30h - DESPACHOS INTERNOS;
;
Quinta-Feira, 28 de Maio de 2020;
09:00h - DESPACHOS INTERNOS;
13:30h - DESPACHOS INTERNOS;
;
Quarta-Feira, 27 de Maio de 2020;
09:00h - DESPACHOS INTERNOS;
13:00h - DESPACHOS INTERNOS;
;
Teráa-Feira, 26 de Maio de 2020;
09:00h - REUNI«O MENSAL COM O ALTO COMANDO DA AERONµUTICA;
13:00h - REUNI«O MENSAL COM O ALTO COMANDO DA AERONµUTICA;
;
Segunda-Feira, 25 de Maio de 2020;
09:00h - DESPACHOS INTERNOS;
10:30h - REUNI«O COM O SR MINISTRO DE ESTADO DA DEFESA;
13:00h - DESPACHOS INTERNOS;
;
Domingo, 24 de Maio de 2020;
N∆o h† nenhum evento cadastrado;
S†bado, 23 de Maio de 2020;
N∆o h† nenhum evento cadastrado;
Sexta-Feira, 22 de Maio de 2020;
09:00h - DESPACHOS INTERNOS;
13:00h - DESPACHOS INTERNOS;
;
Quinta-Feira, 21 de Maio de 2020;
09:00h - DESPACHOS INTERNOS;
13:30h - DESPACHOS INTERNOS;
;
Quarta-Feira, 20 de Maio de 2020;
N∆o h† nenhum evento cadastrado;
Teráa-Feira, 19 de Maio de 2020;
09:00h - DESPACHOS INTERNOS;
10:00h - REUNI«O COM O SR MINISTRO DE ESTADO DA DEFESA;
13:00h - DESPACHOS INTERNOS;
;
Segunda-Feira, 18 de Maio de 2020;
09:00h - DESPACHOS INTERNOS;
13:30h - DESPACHOS INTERNOS;
;
Domingo, 17 de Maio de 2020;
N∆o h† nenhum evento cadastrado;
S†bado, 16 de Maio de 2020;
N∆o h† nenhum evento cadastrado;
Sexta-Feira, 15 de Maio de 2020;
09:00h - AULA PARA A ESCOLA DE COMANDO E ESTADO-MAIOR DO EXêRCITO (VIDEOCONFER“NCIA);
14:00h - FORMATURA DE OFICIAIS NO CENTRO DE INSTUÄ«O E ADAPTAÄ«O DA AERONµUTICA;
;
Quinta-Feira, 14 de Maio de 2020;
09:00h - DESPACHOS INTERNOS;
09:30h - REUNI«O COM O SR MINISTRO DE ESTADO DA DEFESA;
13:00h - DESPACHOS INTERNOS;
;
Quarta-Feira, 13 de Maio de 2020;
09:00h - DESPACHOS INTERNOS;
13:30h - DESPACHOS INTERNOS;
;
Teráa-Feira, 12 de Maio de 2020;
09:00h - DESPACHOS INTERNOS;
13:30h - DESPACHOS INTERNOS;
;
Segunda-Feira, 11 de Maio de 2020;
09:00h - DESPACHOS INTERNOS;
13:00h - DESPACHOS INTERNOS;
;
Domingo, 10 de Maio de 2020;
N∆o h† nenhum evento cadastrado;
S†bado, 09 de Maio de 2020;
N∆o h† nenhum evento cadastrado;
Sexta-Feira, 08 de Maio de 2020;
09:00h - DESPACHOS INTERNOS;
13:30h - DESPACHOS INTERNOS;
15:00h - REUNI«O NO MINISTêRIO DA DEFESA;
16:30h - FORMATURA ALUSIVA AO DIA DA VIT‡RIA;
;
Quinta-Feira, 07 de Maio de 2020;
09:00h - DESPACHOS INTERNOS;
13:30h - DESPACHOS INTERNOS;
;
Quarta-Feira, 06 de Maio de 2020;
09:00h - DESPACHOS INTERNOS;
13:30h - DESPACHOS INTERNOS;
;
Teráa-Feira, 05 de Maio de 2020;
09:00h - DESPACHOS INTERNOS;
13:00h - DESPACHOS INTERNOS;
14:30h - VIDEO CONFER“NCIA COM O SR MINISTRO DE ESTADO DA DEFESA;
16:00h - DESPACHOS INTERNOS;
;
Segunda-Feira, 04 de Maio de 2020;
N∆o h† nenhum evento cadastrado;
Domingo, 03 de Maio de 2020;
N∆o h† nenhum evento cadastrado;
S†bado, 02 de Maio de 2020;
N∆o h† nenhum evento cadastrado;
Sexta-Feira, 01 de Maio de 2020;
N∆o h† nenhum evento cadastrado;
Quinta-Feira, 30 de Abril de 2020;
09:00h - DESPACHOS INTERNOS;
;
Quarta-Feira, 29 de Abril de 2020;
09:00h - DESPACHOS INTERNOS;
13:00h - DESPACHOS INTERNOS;
;
Teráa-Feira, 28 de Abril de 2020;
N∆o h† nenhum evento cadastrado;
Segunda-Feira, 27 de Abril de 2020;
09:00h - DESPACHOS INTERNOS;
13:00h - DESPACHOS INTERNOS;
;
Domingo, 26 de Abril de 2020;
N∆o h† nenhum evento cadastrado;
S†bado, 25 de Abril de 2020;
N∆o h† nenhum evento cadastrado;
Sexta-Feira, 24 de Abril de 2020;
09:00h - DESPACHOS INTERNOS;
13:00h - DESPACHOS INTERNOS;
;
Quinta-Feira, 23 de Abril de 2020;
N∆o h† nenhum evento cadastrado;
Quarta-Feira, 22 de Abril de 2020;
09:00h - DESPACHOS INTERNOS;
13:00h - DESPACHOS INTERNOS;
;
Teráa-Feira, 21 de Abril de 2020;
N∆o h† nenhum evento cadastrado;
Segunda-Feira, 20 de Abril de 2020;
09:00h - DESPACHOS INTERNOS;
13:30h - DESPACHOS INTERNOS;
;
Domingo, 19 de Abril de 2020;
N∆o h† nenhum evento cadastrado;
S†bado, 18 de Abril de 2020;
N∆o h† nenhum evento cadastrado;
Sexta-Feira, 17 de Abril de 2020;
09:00h - DESPACHOS INTERNOS;
13:00h - DESPACHOS INTERNOS;
;
Quinta-Feira, 16 de Abril de 2020;
09:00h - DESPACHOS INTERNOS;
13:30h - DESPACHOS INTERNOS;
;
Quarta-Feira, 15 de Abril de 2020;
09:00h - DESPACHOS INTERNOS;
13:00h - DESPACHOS INTERNOS;
;
Teráa-Feira, 14 de Abril de 2020;
09:00h - DESPACHOS INTERNOS;
13:30h - DESPACHOS INTERNOS;
;
Segunda-Feira, 13 de Abril de 2020;
09:00h - DESPACHOS INTERNOS;
13:00h - DESPACHOS INTERNOS;
14:30h - REUNI«O COM O SR MINISTRO DE ESTADO DA DEFESA;
15:30h - REUNI«O COM O SR PRESIDENTE DA REPÈBLICA E COM O SR MINISTRO DE ESTADO DA DEFESA;
16:00h - VIDEO CONFER“NCIA COM O SR MINISTRO DE ESTADO DA DEFESA E COMANDANTES MILITARES;
;
Domingo, 12 de Abril de 2020;
N∆o h† nenhum evento cadastrado;
S†bado, 11 de Abril de 2020;
N∆o h† nenhum evento cadastrado;
Sexta-Feira, 10 de Abril de 2020;
N∆o h† nenhum evento cadastrado;
Quinta-Feira, 09 de Abril de 2020;
08:00h - DESPACHOS INTERNOS;
10:00h - VIDEO CONFER“NCIA COM O SR MINISTRO DE ESTADO DA DEFESA;
;
Quarta-Feira, 08 de Abril de 2020;
10:30h - CERIMÂNIA DE TRANSMISS«O DE CARGO DE COMANDANTE DE OPERAÄÂES AEROESPACIAIS;
13:00h - DESPACHOS INTERNOS;
;
Teráa-Feira, 07 de Abril de 2020;
09:00h - DESPACHOS INTERNOS;
13:00h - DESPACHOS INTERNOS;
;
Segunda-Feira, 06 de Abril de 2020;
09:00h - DESPACHOS INTERNOS;
11:30h - SOLENIDADE DE OUTORGA DA OMA PARA OS NOVOS OF. GEN PROMOVIDOS A TEN BRIG.;
13:00h - DESPACHOS INTERNOS;
;
Domingo, 05 de Abril de 2020;
N∆o h† nenhum evento cadastrado;
S†bado, 04 de Abril de 2020;
N∆o h† nenhum evento cadastrado;
Sexta-Feira, 03 de Abril de 2020;
09:00h - DESPACHOS INTERNOS;
;
Quinta-Feira, 02 de Abril de 2020;
09:00h - DESPACHOS INTERNOS;
09:30h - VIDEO CONFER“NCIA COM O SR MINISTRO DE ESTADO DA DEFESA;
13:00h - DESPACHOS INTERNOS;
;
Quarta-Feira, 01 de Abril de 2020;
09:00h - DESPACHOS INTERNOS;
13:00h - DESPACHOS INTERNOS;
;
Teráa-Feira, 31 de Maráo de 2020;
09:00h - DESPACHOS INTERNOS;
13:00h - DESPACHOS INTERNOS;
17:00h - VIDEO CONFER“NCIA COM O SR MINISTRO DE ESTADO DA DEFESA;
;
Segunda-Feira, 30 de Maráo de 2020;
09:00h - DESPACHOS INTERNOS;
13:00h - DESPACHOS INTERNOS;
;
Domingo, 29 de Maráo de 2020;
N∆o h† nenhum evento cadastrado;
S†bado, 28 de Maráo de 2020;
N∆o h† nenhum evento cadastrado;
Sexta-Feira, 27 de Maráo de 2020;
09:00h - DESPACHOS INTERNOS;
10:00h - VIDEO CONFER“NCIA COM O SR MINISTRO DE ESTADO DA DEFESA;
13:00h - DESPACHOS INTERNOS;
;
Quinta-Feira, 26 de Maráo de 2020;
09:00h - DESPACHOS INTERNOS;
13:30h - DESPACHOS INTERNOS;
17:00h - VIDEO CONFER“NCIA COM O SR MINISTRO DE ESTADO DA DEFESA;
;
Quarta-Feira, 25 de Maráo de 2020;
N∆o h† nenhum evento cadastrado;
Teráa-Feira, 24 de Maráo de 2020;
09:00h - DESPACHOS INTERNOS;
13:00h - DESPACHOS INTERNOS;
17:00h - VIDEO CONFER“NCIA COM O SR MINISTRO DE ESTADO DA DEFESA;
;
Segunda-Feira, 23 de Maráo de 2020;
09:00h - DESPACHOS INTERNOS;
13:00h - DESPACHOS INTERNOS;
;
Domingo, 22 de Maráo de 2020;
N∆o h† nenhum evento cadastrado;
S†bado, 21 de Maráo de 2020;
N∆o h† nenhum evento cadastrado;
Sexta-Feira, 20 de Maráo de 2020;
N∆o h† nenhum evento cadastrado;
Quinta-Feira, 19 de Maráo de 2020;
09:00h - DESPACHOS INTERNOS;
13:30h - DESPACHOS INTERNOS;
;
Quarta-Feira, 18 de Maráo de 2020;
09:00h - DESPACHOS INTERNOS;
13:30h - DESPACHOS INTERNOS;
;
Teráa-Feira, 17 de Maráo de 2020;
09:00h - DESPACHOS INTERNOS;
13:30h - DESPACHOS INTERNOS;
;
Segunda-Feira, 16 de Maráo de 2020;
09:00h - DESPACHOS INTERNOS;
13:30h - DESPACHOS INTERNOS;
;
Domingo, 15 de Maráo de 2020;
N∆o h† nenhum evento cadastrado;
S†bado, 14 de Maráo de 2020;
N∆o h† nenhum evento cadastrado;
Sexta-Feira, 13 de Maráo de 2020;
09:00h - DESPACHOS INTERNOS;
13:30h - DESPACHOS INTERNOS;
;
Quinta-Feira, 12 de Maráo de 2020;
09:00h - DESPACHOS INTERNOS;
10:00h - SOLENIDADE DE ENTREGA DA COMENDA MêRITO AGU;
13:00h - DESPACHOS INTERNOS;
;
Quarta-Feira, 11 de Maráo de 2020;
09:00h - DESPACHOS INTERNOS;
13:00h - DESPACHOS INTERNOS;
;
Teráa-Feira, 10 de Maráo de 2020;
09:00h - DESPACHOS INTERNOS;
13:30h - DESPACHOS INTERNOS;
;
Segunda-Feira, 09 de Maráo de 2020;
09:00h - DESPACHOS INTERNOS;
13:00h - DESPACHOS INTERNOS;
19:00h - PASSAGEM DE DIREÄ«O DO CLUBE DA AERONµUTICA DE BRAS÷LIA;
;
Domingo, 08 de Maráo de 2020;
N∆o h† nenhum evento cadastrado;
S†bado, 07 de Maráo de 2020;
N∆o h† nenhum evento cadastrado;
Sexta-Feira, 06 de Maráo de 2020;
N∆o h† nenhum evento cadastrado;
Quinta-Feira, 05 de Maráo de 2020;
N∆o h† nenhum evento cadastrado;
Quarta-Feira, 04 de Maráo de 2020;
N∆o h† nenhum evento cadastrado;
Teráa-Feira, 03 de Maráo de 2020;
N∆o h† nenhum evento cadastrado;
Segunda-Feira, 02 de Maráo de 2020;
N∆o h† nenhum evento cadastrado;
Domingo, 01 de Maráo de 2020;
N∆o h† nenhum evento cadastrado;
S†bado, 29 de Fevereiro de 2020;
N∆o h† nenhum evento cadastrado;
Sexta-Feira, 28 de Fevereiro de 2020;
N∆o h† nenhum evento cadastrado;
Quinta-Feira, 27 de Fevereiro de 2020;
N∆o h† nenhum evento cadastrado;
Quarta-Feira, 26 de Fevereiro de 2020;
N∆o h† nenhum evento cadastrado;
Teráa-Feira, 25 de Fevereiro de 2020;
N∆o h† nenhum evento cadastrado;
Segunda-Feira, 24 de Fevereiro de 2020;
N∆o h† nenhum evento cadastrado;
Domingo, 23 de Fevereiro de 2020;
N∆o h† nenhum evento cadastrado;
S†bado, 22 de Fevereiro de 2020;
N∆o h† nenhum evento cadastrado;
Sexta-Feira, 21 de Fevereiro de 2020;
N∆o h† nenhum evento cadastrado;
Quinta-Feira, 20 de Fevereiro de 2020;
09:00h - DESPACHOS INTERNOS;
12:00h - CERIM‚NIA DE ASSINATURA DO PROTOCOLO DE INTENÄÂESENTRE O MINISTêRIO DA DEFESA E O BNDES PARA APOIO∑;
14:00h - DESPACHOS INTERNOS;
;
Quarta-Feira, 19 de Fevereiro de 2020;
09:00h - DESPACHOS INTERNOS;
12:00h - ALMOÄO COM O SR MINISTRO DA INFRAESTRUTURA;
13:00h - DESPACHOS INTERNOS;
;
Teráa-Feira, 18 de Fevereiro de 2020;
09:00h - DESPACHOS INTERNOS;
13:30h - DESPACHOS INTERNOS;
;
Segunda-Feira, 17 de Fevereiro de 2020;
09:00h - DESPACHOS INTERNOS;
11:30h - PASSAGEM DA VICE-CHEFIA DO GABAER;
13:30h - DESPACHOS INTERNOS;
15:00h - PASSAGEM DA DIRETORIA DE ENSINO DA AERONµUTICA;
16:00h - DESPACHOS INTERNOS;
;
Domingo, 16 de Fevereiro de 2020;
N∆o h† nenhum evento cadastrado;
S†bado, 15 de Fevereiro de 2020;
N∆o h† nenhum evento cadastrado;
Sexta-Feira, 14 de Fevereiro de 2020;
N∆o h† nenhum evento cadastrado;
Quinta-Feira, 13 de Fevereiro de 2020;
09:00h - DESPACHOS INTERNOS;
13:30h - DESPACHOS INTERNOS;
15:30h - PASSAGEM DE CHEFIA DO CENTRO DE INVESTIGAÄ«O E PREVENÄ«O DE ACIDENTES AERONµUTICOS;
;
Quarta-Feira, 12 de Fevereiro de 2020;
09:00h - DESPACHOS INTERNOS;
13:30h - DESPACHOS INTERNOS;
;
Teráa-Feira, 11 de Fevereiro de 2020;
09:00h - DESPACHOS INTERNOS;
13:30h - DESPACHOS INTERNOS;
17:00h - CERIM‚NIA DE ASSINATURA DO DECRETO DE CRIAÄ«O DO CONSELHO DA AMAZ‚NIA;
;
Segunda-Feira, 10 de Fevereiro de 2020;
09:00h - DESPACHOS INTERNOS;
13:30h - DESPACHOS INTERNOS;
;
Domingo, 09 de Fevereiro de 2020;
N∆o h† nenhum evento cadastrado;
S†bado, 08 de Fevereiro de 2020;
N∆o h† nenhum evento cadastrado;
Sexta-Feira, 07 de Fevereiro de 2020;
N∆o h† nenhum evento cadastrado;
Quinta-Feira, 06 de Fevereiro de 2020;
N∆o h† nenhum evento cadastrado;
Quarta-Feira, 05 de Fevereiro de 2020;
N∆o h† nenhum evento cadastrado;
Teráa-Feira, 04 de Fevereiro de 2020;
09:00h - DESPACHOS INTERNOS;
13:00h - DESPACHOS INTERNOS;
;
Segunda-Feira, 03 de Fevereiro de 2020;
N∆o h† nenhum evento cadastrado;
Domingo, 02 de Fevereiro de 2020;
N∆o h† nenhum evento cadastrado;
S†bado, 01 de Fevereiro de 2020;
N∆o h† nenhum evento cadastrado;
Sexta-Feira, 31 de Janeiro de 2020;
N∆o h† nenhum evento cadastrado;
Quinta-Feira, 30 de Janeiro de 2020;
N∆o h† nenhum evento cadastrado;
Quarta-Feira, 29 de Janeiro de 2020;
N∆o h† nenhum evento cadastrado;
Teráa-Feira, 28 de Janeiro de 2020;
09:00h - DESPACHOS INTERNOS;
11:30h - REUNI«O NO MINISTêRIO DA DEFESA - BRIEFING DA OPERAÄ«O VERDE BRASIL;
13:30h - DESPACHOS INTERNOS;
;
Segunda-Feira, 27 de Janeiro de 2020;
09:00h - DESPACHOS INTERNOS;
13:30h - DESPACHOS INTERNOS;
;
Domingo, 26 de Janeiro de 2020;
N∆o h† nenhum evento cadastrado;
S†bado, 25 de Janeiro de 2020;
N∆o h† nenhum evento cadastrado;
Sexta-Feira, 24 de Janeiro de 2020;
N∆o h† nenhum evento cadastrado;
Quinta-Feira, 23 de Janeiro de 2020;
09:00h - DESPACHOS INTERNOS;
10:00h - REUNI«O COM O MINISTRO DA DEFESA;
13:30h - DESPACHOS INTERNOS;
;
Quarta-Feira, 22 de Janeiro de 2020;
09:00h - DESPACHOS INTERNOS;
13:30h - DESPACHOS INTERNOS;
;
Teráa-Feira, 21 de Janeiro de 2020;
09:00h - DESPACHOS INTERNOS;
13:30h - DESPACHOS INTERNOS;
;
Segunda-Feira, 20 de Janeiro de 2020;
10:00h - CERIM‚NIA ALUSIVA AO ANIVERSµRIO DE CRIAÄ«O DO MINISTêRIO DA AERONµUTICA;
13:30h - DESPACHOS INTERNOS;
;
Domingo, 19 de Janeiro de 2020;
N∆o h† nenhum evento cadastrado;
S†bado, 18 de Janeiro de 2020;
N∆o h† nenhum evento cadastrado;
Sexta-Feira, 17 de Janeiro de 2020;
N∆o h† nenhum evento cadastrado;
Quinta-Feira, 16 de Janeiro de 2020;
09:00h - DESPACHOS INTERNOS;
13:30h - DESPACHOS INTERNOS;
17:00h - EVENTO ALUSIVO ∑ PASSAGEM DE COMANDO DA OPERAÄ«O ACOLHIDA;
;
Quarta-Feira, 15 de Janeiro de 2020;
09:00h - DESPACHOS INTERNOS;
13:30h - DESPACHOS INTERNOS;
;
Teráa-Feira, 14 de Janeiro de 2020;
09:00h - DESPACHOS INTERNOS;
13:30h - DESPACHOS INTERNOS;
16:00h - PASSAGEM DA CHEFIA DE OPERAÄÂES CONJUNTAS E DA CHEFIA DE LOG÷STICA E MOBILIZAÄ«O DO EMCFA;
;
Segunda-Feira, 13 de Janeiro de 2020;
09:00h - DESPACHOS INTERNOS;
13:30h - DESPACHOS INTERNOS;
;
Domingo, 12 de Janeiro de 2020;
N∆o h† nenhum evento cadastrado;
S†bado, 11 de Janeiro de 2020;
N∆o h† nenhum evento cadastrado;
Sexta-Feira, 10 de Janeiro de 2020;
N∆o h† nenhum evento cadastrado;
Quinta-Feira, 09 de Janeiro de 2020;
09:00h - DESPACHOS INTERNOS;
13:30h - DESPACHOS INTERNOS;
;
Quarta-Feira, 08 de Janeiro de 2020;
N∆o h† nenhum evento cadastrado;
Teráa-Feira, 07 de Janeiro de 2020;
10:00h - REUNI«O COM O MINISTRO DA DEFESA;
14:00h - DESPACHOS INTERNOS;
;
Segunda-Feira, 06 de Janeiro de 2020;
09:00h - DESPACHOS INTERNOS;
10:00h - REUNI«O COM O MINISTRO DA DEFESA;
13:30h - DESPACHOS INTERNOS;
;
Domingo, 05 de Janeiro de 2020;
N∆o h† nenhum evento cadastrado;
S†bado, 04 de Janeiro de 2020;
N∆o h† nenhum evento cadastrado;
Sexta-Feira, 03 de Janeiro de 2020;
N∆o h† nenhum evento cadastrado;
Quinta-Feira, 02 de Janeiro de 2020;
N∆o h† nenhum evento cadastrado;
Quarta-Feira, 01 de Janeiro de 2020;
N∆o h† nenhum evento cadastrado;
Teráa-Feira, 31 de Dezembro de 2019;
N∆o h† nenhum evento cadastrado;
Segunda-Feira, 30 de Dezembro de 2019;
N∆o h† nenhum evento cadastrado;
Domingo, 29 de Dezembro de 2019;
N∆o h† nenhum evento cadastrado;
S†bado, 28 de Dezembro de 2019;
N∆o h† nenhum evento cadastrado;
Sexta-Feira, 27 de Dezembro de 2019;
N∆o h† nenhum evento cadastrado;
Quinta-Feira, 26 de Dezembro de 2019;
N∆o h† nenhum evento cadastrado;
Quarta-Feira, 25 de Dezembro de 2019;
N∆o h† nenhum evento cadastrado;
Teráa-Feira, 24 de Dezembro de 2019;
N∆o h† nenhum evento cadastrado;
Segunda-Feira, 23 de Dezembro de 2019;
09:00h - DESPACHOS INTERNOS;
13:30h - DESPACHOS INTERNOS;
;
Domingo, 22 de Dezembro de 2019;
N∆o h† nenhum evento cadastrado;
S†bado, 21 de Dezembro de 2019;
N∆o h† nenhum evento cadastrado;
Sexta-Feira, 20 de Dezembro de 2019;
N∆o h† nenhum evento cadastrado;
Quinta-Feira, 19 de Dezembro de 2019;
09:00h - DESPACHOS INTERNOS;
13:30h - DESPACHOS INTERNOS;
;
Quarta-Feira, 18 de Dezembro de 2019;
09:00h - DESPACHOS INTERNOS;
13:30h - DESPACHOS INTERNOS;
;
Teráa-Feira, 17 de Dezembro de 2019;
09:00h - DESPACHOS INTERNOS;
;
Segunda-Feira, 16 de Dezembro de 2019;
09:30h - CERIMÂNIA DE ENTREGA DO T÷TULO DA ORDEM DO MêRITO MAÄONICO 2 DE JULHO;
;
Domingo, 15 de Dezembro de 2019;
N∆o h† nenhum evento cadastrado;
S†bado, 14 de Dezembro de 2019;
N∆o h† nenhum evento cadastrado;
Sexta-Feira, 13 de Dezembro de 2019;
N∆o h† nenhum evento cadastrado;
Quinta-Feira, 12 de Dezembro de 2019;
N∆o h† nenhum evento cadastrado;
Quarta-Feira, 11 de Dezembro de 2019;
10:30h - FORMATURA ALUSIVA AO DIA DA INFANTARIA DA AERONµUTICA;
11:30h - ALMOÄO COM O COMANDANTE DA FORÄA AêREA SUêCA;
13:30h - DESPACHOS INTERNOS;
;
Teráa-Feira, 10 de Dezembro de 2019;
N∆o h† nenhum evento cadastrado;
Segunda-Feira, 09 de Dezembro de 2019;
10:00h - EVENTO DE CUMPRIMENTO AOS OFICIAIS-GENERAIS PROMOVIDOS;
11:30h - ALMOÄO DO PRESIDENTE COM AS FORÄAS ARMADAS;
13:30h - DESPACHOS INTERNOS;
;
Domingo, 08 de Dezembro de 2019;
N∆o h† nenhum evento cadastrado;
S†bado, 07 de Dezembro de 2019;
N∆o h† nenhum evento cadastrado;
Sexta-Feira, 06 de Dezembro de 2019;
10:00h - CERIM‚NIA DE PROMOÄ«O DOS NOVOS ASPIRANTES-A-OFICIAL.;
16:00h - SOLENIDADE DE ENCERRAMENTO DO CCEM-A;
;
Quinta-Feira, 05 de Dezembro de 2019;
N∆o h† nenhum evento cadastrado;
Quarta-Feira, 04 de Dezembro de 2019;
09:00h - DESPACHOS INTERNOS;
10:30h - FORMATURA NA ALA 1;
;
Teráa-Feira, 03 de Dezembro de 2019;
09:00h - DESPACHOS INTERNOS;
13:30h - DESPACHOS INTERNOS;
;
Segunda-Feira, 02 de Dezembro de 2019;
10:30h - CERIM‚NIA ALUSIVA AO 78ß ANIVERSµRIO DE CRIAÄ«O DO SERVIÄO DE SAÈDE DA AERONµUTICA;
19:30h - JANTAR DE FINAL DE ANO DA SOCIEDADE DOS MELHORES AMIGOS DA AERONµUTICA;
;
Domingo, 01 de Dezembro de 2019;
N∆o h† nenhum evento cadastradoˇ;
S†bado, 30 de Novembro de 2019;
N∆o h† nenhum evento cadastradoˇ;
Sexta-Feira, 29 de Novembro de 2019;
N∆o h† nenhum evento cadastradoˇ;
Quinta-Feira, 28 de Novembro de 2019;
09:00h - DESPACHOS INTERNOS;
13:30h - DESPACHOS INTERNOS;
;
Quarta-Feira, 27 de Novembro de 2019;
09:00h - DESPACHOS INTERNOS;
13:30h - DESPACHOS INTERNOS;
;
Teráa-Feira, 26 de Novembro de 2019;
09:00h - DESPACHOS INTERNOS;
13:30h - DESPACHOS INTERNOS;
;
Segunda-Feira, 25 de Novembro de 2019;
09:00h - DESPACHOS INTERNOS;
10:30h - REUNI«O DO CONSELHO SUPERIOR DE GOVERNO;
13:30h - DESPACHOS INTERNOS;
;
Domingo, 24 de Novembro de 2019;
N∆o h† nenhum evento cadastradoˇ;
S†bado, 23 de Novembro de 2019;
N∆o h† nenhum evento cadastradoˇ;
Sexta-Feira, 22 de Novembro de 2019;
N∆o h† nenhum evento cadastradoˇ;
Quinta-Feira, 21 de Novembro de 2019;
09:00h - DESPACHOS INTERNOS;
12:00h - CERIM‚NIA DE ENTREGA DA MEDALHA DA ORDEM DO MêRITO AERONµUTICO AO SR PRESIDENTE DA C∂MARA DOS DEPUTA;
13:30h - DESPACHOS INTERNOS;
;
Quarta-Feira, 20 de Novembro de 2019;
09:00h - DESPACHOS INTERNOS;
13:30h - DESPACHOS INTERNOS;
;
Teráa-Feira, 19 de Novembro de 2019;
09:00h - DESLOCAMENTO DE PORTUGAL PARA O BRASIL;
;
Segunda-Feira, 18 de Novembro de 2019;
09:00h - VISITA ∑ EMBRAER;
14:00h - VISITA ∑ OGMA;
;
Domingo, 17 de Novembro de 2019;
N∆o h† nenhum evento cadastradoˇ;
S†bado, 16 de Novembro de 2019;
N∆o h† nenhum evento cadastradoˇ;
Sexta-Feira, 15 de Novembro de 2019;
N∆o h† nenhum evento cadastradoˇ;
Quinta-Feira, 14 de Novembro de 2019;
09:00h - RECEBIMENTO DA AERONAVE SC-105ˇ;
;
Quarta-Feira, 13 de Novembro de 2019;
09:00h - DESLOCAMENTO PARA SEVILHA;
;
Teráa-Feira, 12 de Novembro de 2019;
09:00h - DESPACHOS INTERNOS;
18:30h - JANTAR EM HOMENAGEM ∑S FAA NA FIESP;
;
Segunda-Feira, 11 de Novembro de 2019;
N∆o h† nenhum evento cadastradoˇ;
Domingo, 10 de Novembro de 2019;
N∆o h† nenhum evento cadastradoˇ;
S†bado, 09 de Novembro de 2019;
N∆o h† nenhum evento cadastradoˇ;
Sexta-Feira, 08 de Novembro de 2019;
N∆o h† nenhum evento cadastradoˇ;
Quinta-Feira, 07 de Novembro de 2019;
N∆o h† nenhum evento cadastradoˇ;
Quarta-Feira, 06 de Novembro de 2019;
09:00h - CONFER“NCIA DOS CHEFES DE FORÄA AêREA SUL-AMERICANAS;
13:30h - CONFER“NCIA DOS CHEFES DE FORÄA AêREA SUL-AMERICANAS;
;
Teráa-Feira, 05 de Novembro de 2019;
09:00h - CONFER“NCIA DOS CHEFES DE FORÄA AêREA SUL-AMERICANAS;
13:30h - CONFER“NCIA DOS CHEFES DE FORÄA AêREA SUL-AMERICANAS;
;
Segunda-Feira, 04 de Novembro de 2019;
09:00h - DESLOCAMENTO PARA A CONFER“NCIA DOS CHEFES DE FORÄA AêREA SUL-AMERICANAS;
;
Domingo, 03 de Novembro de 2019;
N∆o h† nenhum evento cadastradoˇ;
S†bado, 02 de Novembro de 2019;
N∆o h† nenhum evento cadastradoˇ;
Sexta-Feira, 01 de Novembro de 2019;
N∆o h† nenhum evento cadastradoˇ;
Quinta-Feira, 31 de Outubro de 2019;
N∆o h† nenhum evento cadastradoˇ;
;
Quarta-Feira, 30 de Outubro de 2019;
09:00h - DESPACHOS INTERNOS;
13:30h - DESPACHOS INTERNOS;
;
Teráa-Feira, 29 de Outubro de 2019;
09:00h - DESPACHOS INTERNOS;
13:30h - DESPACHOS INTERNOS;
13:30h - DESPACHOS INTERNOS;
;
Segunda-Feira, 28 de Outubro de 2019;
10:30h - CERIM‚NIA ALUSIVA AO DIA DA ENGENHARIA DA AERONµUTICA;
14:00h - DESPACHOS INTERNOS;
;
Domingo, 27 de Outubro de 2019;
N∆o h† nenhum evento cadastradoˇ;
S†bado, 26 de Outubro de 2019;
N∆o h† nenhum evento cadastradoˇ;
Sexta-Feira, 25 de Outubro de 2019;
13:30h - DESPACHOS INTERNOS;
18:30h - FORMATURA DOS OFICIAIS DO QUADRO DE OFICIAIS DA RESERVA DE 2¶ CLASSE CONVOCADOS;
;
Quinta-Feira, 24 de Outubro de 2019;
09:00h - INAUGURAÄ«O DO APP GUARANI;
13:30h - DESPACHOS INTERNOS;
15:30h - DESPACHOS INTERNOS;
;
Quarta-Feira, 23 de Outubro de 2019;
09:00h - DESPACHOS INTERNOS;
11:00h - SESS«O SOLENE;
13:30h - DESPACHOS INTERNOS;
15:00h - CERIM‚NIA NA ALA 1;
;
Teráa-Feira, 22 de Outubro de 2019;
N∆o h† nenhum evento cadastradoˇ;
Segunda-Feira, 21 de Outubro de 2019;
N∆o h† nenhum evento cadastradoˇ;
Domingo, 20 de Outubro de 2019;
N∆o h† nenhum evento cadastradoˇ;
S†bado, 19 de Outubro de 2019;
N∆o h† nenhum evento cadastradoˇ;
Sexta-Feira, 18 de Outubro de 2019;
N∆o h† nenhum evento cadastradoˇ;
Quinta-Feira, 17 de Outubro de 2019;
N∆o h† nenhum evento cadastradoˇ;
Quarta-Feira, 16 de Outubro de 2019;
09:00h - CAFê DA MANH« COM PARLAMENTARES;
10:00h - DESPACHOS INTERNOS;
13:30h - DESPACHOS INTERNOS;
;
Teráa-Feira, 15 de Outubro de 2019;
09:00h - DESPACHOS INTERNOS;
13:30h - DESPACHOS INTERNOS;
;
Segunda-Feira, 14 de Outubro de 2019;
10:30h - CELEBRAÄ«O INTER-RELIGIOSA EM COMEMORAÄ«O AO DIA DO AVIADOR;
13:30h - DESPACHOS INTERNOS;
;
Domingo, 13 de Outubro de 2019;
N∆o h† nenhum evento cadastradoˇ;
S†bado, 12 de Outubro de 2019;
N∆o h† nenhum evento cadastradoˇ;
Sexta-Feira, 11 de Outubro de 2019;
11:00h - ENCONTRO COM ATLETAS E COMISSÂES TêCNICAS QUE PARTICIPAR«O DO 7ß JOGOS MUNDIAIS MILITARES.;
14:00h - INTEGRAÄ«O DO SUBMARINO HUMAITµ.;
;
Quinta-Feira, 10 de Outubro de 2019;
09:00h - ABERTURA DO FORUM BRASIL INVESTIMENTOS;
"14:00h - PAINEL SOBRE ""INOVAÄ«O EM NEG‡CIOS DE DEFESA: ROMPENDO PARADIGMAS"".";
;
Quarta-Feira, 09 de Outubro de 2019;
09:00h - DESPACHOS INTERNOS;
10:30h - CERIM‚NIA ALUSIVA AO ANIVERSµRIO DO ESTADO-MAIOR DA AERONµUTICAˇ;
13:30h - DESPACHOS INTERNOS;
;
Teráa-Feira, 08 de Outubro de 2019;
09:30h - REUNI«O NO MINISTêRIO DA DEFESA;
;
Segunda-Feira, 07 de Outubro de 2019;
09:00h - FORMATURA NO DEPARTAMENTO DE CONTROLE DO ESPAÄO AêREO;
13:30h - DESPACHOS INTERNOS;
;
Domingo, 06 de Outubro de 2019;
N∆o h† nenhum evento cadastradoˇ;
S†bado, 05 de Outubro de 2019;
N∆o h† nenhum evento cadastradoˇ;
Sexta-Feira, 04 de Outubro de 2019;
09:00h - DESPACHOS INTERNOS;
13:30h - DESPACHOS INTERNOS;
;
Quinta-Feira, 03 de Outubro de 2019;
10:00h - AVENTO ALUSIVO AO M“S DA ASA;
14:30h - DESPACHOS INTERNOS;
;
Quarta-Feira, 02 de Outubro de 2019;
09:00h - POSSE DO PROCURADOR-GERAL DA REPÈBLICA;
15:00h - ASSINATURA DOS ACORDOS DA NOVA FASE DA OPERAÄ«O ACOLHIDA;
;
Teráa-Feira, 01 de Outubro de 2019;
09:00h - DESPACHOS INTERNOS;
10:30h - REUNI«O NO MINISTêRIO DA DEFESA;
13:30h - DESPACHOS INTERNOS;
;
Segunda-Feira, 30 de Setembro de 2019;
09:00h - DESPACHOS INTERNOS;
13:30h - DESPACHOS INTERNOS;
;
Domingo, 29 de Setembro de 2019;
N∆o h† nenhum evento cadastradoˇ;
S†bado, 28 de Setembro de 2019;
N∆o h† nenhum evento cadastradoˇ;
;
Sexta-Feira, 27 de Setembro de 2019;
09:00h - DESPACHOS INTERNOS;
13:30h - DESPACHOS INTERNOS;
;
Quinta-Feira, 26 de Setembro de 2019;
09:00h - DESPACHOS INTERNOS;
13:30h - DESPACHOS INTERNOS;
;
Quarta-Feira, 25 de Setembro de 2019;
09:00h - DESPACHOS INTERNOS;
13:30h - DESPACHOS INTERNOS;
;
Teráa-Feira, 24 de Setembro de 2019;
09:00h - DESPACHOS INTERNOS;
13:30h - DESPACHOS INTERNOS;
;
Segunda-Feira, 23 de Setembro de 2019;
09:00h - DESPACHOS INTERNOS;
13:30h - DESPACHOS INTERNOS;
;
Domingo, 22 de Setembro de 2019;
N∆o h† nenhum evento cadastradoˇ;
S†bado, 21 de Setembro de 2019;
N∆o h† nenhum evento cadastradoˇ;
Sexta-Feira, 20 de Setembro de 2019;
N∆o h† nenhum evento cadastradoˇ;
Quinta-Feira, 19 de Setembro de 2019;
09:00h - DESPACHOS INTERNOS;
11:30h - ALMOÄO COM O COMANDANTE DA FORÄA AêREA COLOMBIANA;
13:30h - DESPACHOS INTERNOS;
;
Quarta-Feira, 18 de Setembro de 2019;
09:00h - DESPACHOS INTERNOS;
10:30h - DESPACHOS INTERNOS;
13:30h - DESPACHOS INTERNOS;
;
Teráa-Feira, 17 de Setembro de 2019;
09:00h - DESPACHOS INTERNOS;
13:30h - DESPACHOS INTERNOS;
;
Segunda-Feira, 16 de Setembro de 2019;
09:00h - DESPACHOS INTERNOS;
13:30h - DESPACHOS INTERNOS;
;
Domingo, 15 de Setembro de 2019;
N∆o h† nenhum evento cadastradoˇ;
S†bado, 14 de Setembro de 2019;
N∆o h† nenhum evento cadastradoˇ;
Sexta-Feira, 13 de Setembro de 2019;
N∆o h† nenhum evento cadastradoˇ;
Quinta-Feira, 12 de Setembro de 2019;
N∆o h† nenhum evento cadastradoˇ;
Quarta-Feira, 11 de Setembro de 2019;
N∆o h† nenhum evento cadastradoˇ;
Teráa-Feira, 10 de Setembro de 2019;
09:00h - CERIM‚NIA ALUSIVA A ENTREGA DA AERONAVE GRIPEN;
;
Segunda-Feira, 09 de Setembro de 2019;
N∆o h† nenhum evento cadastradoˇ;
Domingo, 08 de Setembro de 2019;
N∆o h† nenhum evento cadastradoˇ;
S†bado, 07 de Setembro de 2019;
N∆o h† nenhum evento cadastradoˇ;
Sexta-Feira, 06 de Setembro de 2019;
09:00h - DESPACHOS INTERNOS;
11:00h - REUNI«O ENTRE O MINISTRO DE ESTADO DA DEFESA E O MINISTRO DA DEFESA DA CHINA, SR. WEI FENGHE;
13:30h - DESPACHOS INTERNOS;
;
Quinta-Feira, 05 de Setembro de 2019;
09:00h - DESPACHOS INTERNOS;
13:30h - DESPACHOS INTERNOS;
;
Quarta-Feira, 04 de Setembro de 2019;
10:00h - CERIM‚NIA ALUSIVA AO RECEBIMENTO DA AERONAVE KC-390;
;
Teráa-Feira, 03 de Setembro de 2019;
09:00h - DESPACHOS INTERNOS;
11:30h - AUDI“NCIA SECRETµRIO DE AVIAÄ«O CIVIL;
13:30h - DESPACHOS INTERNOS;
;
Segunda-Feira, 02 de Setembro de 2019;
09:00h - DESPACHOS INTERNOS;
15:30h - FORMATURA ALUSIVA ∑ PROMOÄ«O AO PRIMEIRO POSTO;
;
Domingo, 01 de Setembro de 2019;
N∆o h† nenhum evento cadastradoˇ;
;
S†bado, 31 de Agosto de 2019;
N∆o h† nenhum evento cadastradoˇ;
Sexta-Feira, 30 de Agosto de 2019;
09:00h - DESPACHOS INTERNOS;
10:30h - FORMATURA ALUSIVA AO ANIVERSµRIO DA ASSESSORIA PARLAMENTAR E DE RELAÄÂES INSTITUCIONAIS DO COMANDO D;
13:30h - DESPACHOS INTERNOS;
;
Quinta-Feira, 29 de Agosto de 2019;
09:00h - DESPACHOS INTERNOS;
13:30h - DESPACHOS INTERNOS;
;
Quarta-Feira, 28 de Agosto de 2019;
09:00h - DESPACHOS INTERNOS;
11:00h - VISITA ∑ OPERAÄ«O COMAEX;
13:30h - DESPACHOS INTERNOS;
;
Teráa-Feira, 27 de Agosto de 2019;
09:00h - DESPACHOS INTERNOS;
13:30h - DESPACHOS INTERNOS;
16:00h - AUDI“NCIA PÈBLICA NA C∂MARA DOS DEPUTADOS;
;
Segunda-Feira, 26 de Agosto de 2019;
09:00h - DESPACHOS INTERNOS;
12:00h - REUNI«O COM O MINISTRO DA EDUCAÄ«O;
13:30h - DESPACHOS INTERNOS;
;
Domingo, 25 de Agosto de 2019;
N∆o h† nenhum evento cadastradoˇ;
S†bado, 24 de Agosto de 2019;
N∆o h† nenhum evento cadastradoˇ;
Sexta-Feira, 23 de Agosto de 2019;
N∆o h† nenhum evento cadastradoˇ;
Quinta-Feira, 22 de Agosto de 2019;
09:00h - DESPACHOS INTERNOS;
13:30h - DESPACHOS INTERNOS;
;
Quarta-Feira, 21 de Agosto de 2019;
09:00h - DESPACHOS INTERNOS;
13:30h - DESPACHOS INTERNOS;
;
Teráa-Feira, 20 de Agosto de 2019;
09:30h - DESPACHOS INTERNOS;
13:30h - DESPACHOS INTERNOS;
;
Segunda-Feira, 19 de Agosto de 2019;
10:00h - ANIVERSµRIO 50 ANOS DA EMBRAER;
19:30h - MICROPOWER PR“MIO LEARNING & PERFORMANCE;
;
Domingo, 18 de Agosto de 2019;
N∆o h† nenhum evento cadastradoˇ;
S†bado, 17 de Agosto de 2019;
N∆o h† nenhum evento cadastradoˇ;
Sexta-Feira, 16 de Agosto de 2019;
09:00h - VISITA AO DEPARTAMENTO DE CI“NCIA E TECNOLOGIA AEROESPACIAL;
;
Quinta-Feira, 15 de Agosto de 2019;
09:00h - DESPACHOS INTERNOS;
13:30h - DESPACHOS INTERNOS;
16:00h - MEDALHA MêRITO MAUµ;
;
Quarta-Feira, 14 de Agosto de 2019;
"09:00h - ABERTURA DO SEMINµRIO ""DESAFIOS ∑ DEFESA NACIONAL E O PAPEL DAS FORÄAS ARMADAS""";
10:30h - REUNI«O COM O MINISTRO DA DEFESA;
13:30h - DESPACHOS INTERNOS;
;
Teráa-Feira, 13 de Agosto de 2019;
09:00h - DESPACHOS INTERNOS;
13:30h - DESPACHOS INTERNOS;
17:00h - COMENDA ORDEM DO MêRITO JUDICIµRIO DO TRABALHO;
;
Segunda-Feira, 12 de Agosto de 2019;
09:00h - DESPACHOS INTERNOS;
13:30h - DESPACHOS INTERNOS;
17:00h - COMENDA ORDEM DO MêRITO JUDICIµRIO DO TRABALHO;
;
Domingo, 11 de Agosto de 2019;
N∆o h† nenhum evento cadastradoˇ;
S†bado, 10 de Agosto de 2019;
N∆o h† nenhum evento cadastradoˇ;
Sexta-Feira, 09 de Agosto de 2019;
09:00h - DESPACHOS INTERNOS;
13:30h - DESPACHOS INTERNOS;
14:30h - APRESENTAÄ«O DOS OFICIAIS-GENARAIS PROMOVIDOS AO PRESIDENTE DA REPÈBICA;
;
Quinta-Feira, 08 de Agosto de 2019;
09:00h - DESPACHOS INTERNOS;
11:00h - DESPACHOS INTERNOS;
13:30h - DESPACHOS INTERNOS;
;
Quarta-Feira, 07 de Agosto de 2019;
09:00h - DESPACHOS INTERNOS;
13:30h - DESPACHOS INTERNOS;
15:00h - REUNI«O PLENµRIA DO COMIT“ DE DESENVOLVIMENTO DO PROGRAMA ESPACIAL BRASILEIRO;
;
Teráa-Feira, 06 de Agosto de 2019;
N∆o h† nenhum evento cadastradoˇ;
Segunda-Feira, 05 de Agosto de 2019;
09:00h - DESPACHOS INTERNOS;
13:30h - DESPACHOS INTERNOS;
;
Domingo, 04 de Agosto de 2019;
N∆o h† nenhum evento cadastradoˇ;
S†bado, 03 de Agosto de 2019;
N∆o h† nenhum evento cadastradoˇ;
Sexta-Feira, 02 de Agosto de 2019;
N∆o h† nenhum evento cadastradoˇ;
Quinta-Feira, 01 de Agosto de 2019;
09:00h - DESPACHOS INTERNOS;
10:30h - AUDI“NCIA COM O EMBAIXADOR DA ÷NDIA;
14:00h - REUNI«O COM O MINISTRO DA DEFESA;
;
Quarta-Feira, 31 de Julho de 2019;
09:00h - DESPACHOS INTERNOS;
13:30h - DESPACHOS INTERNOS;
;
Teráa-Feira, 30 de Julho de 2019;
09:00h - DESPACHOS INTERNOS;
13:30h - DESPACHOS INTERNOS;
;
Segunda-Feira, 29 de Julho de 2019;
10:00h - ASSINATURA DO DECRETO DE PROMOÄ«O DOS OFICIAIS-GENERAIS DAS FORÄAS ARMADAS;
13:30h - DESPACHOS INTERNOS;
;
Domingo, 28 de Julho de 2019;
N∆o h† nenhum evento cadastrado;
S†bado, 27 de Julho de 2019;
N∆o h† nenhum evento cadastrado;
Sexta-Feira, 26 de Julho de 2019;
09:00h - DESPACHOS INTERNOS;
13:30h - DESPACHOS INTERNOS;
;
Quinta-Feira, 25 de Julho de 2019;
09:00h - DESPACHOS INTERNOS;
11:30h - REUNI«O COM O COMANDANTE DA FORÄA AêREA DA UCR∂NIA;
13:30h - DESPACHOS INTERNOS;
;
Quarta-Feira, 24 de Julho de 2019;
09:00h - DESPACHOS INTERNOS;
13:30h - DESPACHOS INTERNOS;
;
Teráa-Feira, 23 de Julho de 2019;
09:00h - DESPACHOS INTERNOS;
13:30h - DESPACHOS INTERNOS;
;
Segunda-Feira, 22 de Julho de 2019;
09:00h - DESPACHOS INTERNOS;
13:30h - DESPACHOS INTERNOS;
;
Domingo, 21 de Julho de 2019;
N∆o h† nenhum evento cadastrado;
S†bado, 20 de Julho de 2019;
N∆o h† nenhum evento cadastrado;
Sexta-Feira, 19 de Julho de 2019;
N∆o h† nenhum evento cadastrado;
Quinta-Feira, 18 de Julho de 2019;
09:00h - DESPACHOS INTERNOS;
13:30h - DESPACHOS INTERNOS;
16:00h - SOLENIDADE ALUSIVA AOS 200 DIAS DE GOVERNO;
;
Quarta-Feira, 17 de Julho de 2019;
09:00h - DESPACHOS INTERNOS;
13:30h - DESPACHOS INTERNOS;
;
Teráa-Feira, 16 de Julho de 2019;
09:00h - DESPACHOS INTERNOS;
13:30h - DESPACHOS INTERNOS;
;
Segunda-Feira, 15 de Julho de 2019;
09:00h - DESPACHOS INTERNOS;
13:30h - DESPACHOS INTERNOS;
18:00h - REUNI«O COM O MINISTRO DA DEFESA;
;
Domingo, 14 de Julho de 2019;
N∆o h† nenhum evento cadastrado;
S†bado, 13 de Julho de 2019;
N∆o h† nenhum evento cadastrado;
Sexta-Feira, 12 de Julho de 2019;
N∆o h† nenhum evento cadastrado;
Quinta-Feira, 11 de Julho de 2019;
09:00h - DESPACHOS INTERNOS;
13:30h - DESPACHOS INTERNOS;
;
Quarta-Feira, 10 de Julho de 2019;
N∆o h† nenhum evento cadastrado;
Teráa-Feira, 09 de Julho de 2019;
N∆o h† nenhum evento cadastrado;
Segunda-Feira, 08 de Julho de 2019;
09:00h - DESPACHOS INTERNOS;
13:30h - DESPACHOS INTERNOS;
;
Domingo, 07 de Julho de 2019;
N∆o h† nenhum evento cadastrado;
S†bado, 06 de Julho de 2019;
N∆o h† nenhum evento cadastrado;
Sexta-Feira, 05 de Julho de 2019;
09:00h - FORMATURA ALUSIVA ∑ ENTREGA DE ESPADINS;
13:30h - DESPACHOS INTERNOS;
;
Quinta-Feira, 04 de Julho de 2019;
09:00h - DESPACHOS INTERNOS;
10:30h - PASSAGEM SECRETARIA DE GOVERNO;
13:30h - DESPACHOS INTERNOS;
;
Quarta-Feira, 03 de Julho de 2019;
09:00h - DESPACHOS INTERNOS;
13:30h - DESPACHOS INTERNOS;
;
Teráa-Feira, 02 de Julho de 2019;
09:00h - DESPACHOS INTERNOS;
13:30h - DESPACHOS INTERNOS;
;
Segunda-Feira, 01 de Julho de 2019;
09:00h - DESPACHOS INTERNOS;
13:30h - DESPACHOS INTERNOS;
;
Domingo, 30 de Junho de 2019;
N∆o h† nenhum evento cadastradoˇ;
S†bado, 29 de Junho de 2019;
N∆o h† nenhum evento cadastradoˇ;
Sexta-Feira, 28 de Junho de 2019;
N∆o h† nenhum evento cadastradoˇ;
;
Quinta-Feira, 27 de Junho de 2019;
09:00h - DESPACHOS INTERNOS;
13:30h - DESPACHOS INTERNOS;
;
Quarta-Feira, 26 de Junho de 2019;
09:00h - DESPACHOS INTERNOS;
13:30h - DESPACHOS INTERNOS;
;
Teráa-Feira, 25 de Junho de 2019;
09:00h - DESPACHOS INTERNOS;
13:30h - DESPACHOS INTERNOS;
;
Segunda-Feira, 24 de Junho de 2019;
N∆o h† nenhum evento cadastradoˇ;
Domingo, 23 de Junho de 2019;
N∆o h† nenhum evento cadastradoˇ;
S†bado, 22 de Junho de 2019;
N∆o h† nenhum evento cadastradoˇ;
Sexta-Feira, 21 de Junho de 2019;
09:00h - CONFER“NCIA DOS COMANDANTES DAS FORÄAS AêREAS AMERICANAS;
13:30h - CONFER“NCIA DOS COMANDANTES DAS FORÄAS AêREAS AMERICANAS;
;
Quinta-Feira, 20 de Junho de 2019;
09:00h - CONFER“NCIA DOS COMANDANTES DAS FORÄAS AêREAS AMERICANAS;
13:30h - CONFER“NCIA DOS COMANDANTES DAS FORÄAS AêREAS AMERICANAS;
;
Quarta-Feira, 19 de Junho de 2019;
09:00h - CONFER“NCIA DOS COMANDANTES DAS FORÄAS AêREAS AMERICANAS;
13:30h - CONFER“NCIA DOS COMANDANTES DAS FORÄAS AêREAS AMERICANAS;
;
Teráa-Feira, 18 de Junho de 2019;
09:00h - CONFER“NCIA DOS COMANDANTES DAS FORÄAS AêREAS AMERICANAS;
13:30h - CONFER“NCIA DOS COMANDANTES DAS FORÄAS AêREAS AMERICANAS;
;
Segunda-Feira, 17 de Junho de 2019;
09:00h - CONFER“NCIA DOS COMANDANTES DAS FORÄAS AêREAS AMERICANAS;
13:30h - CONFER“NCIA DOS COMANDANTES DAS FORÄAS AêREAS AMERICANAS;
;
Domingo, 16 de Junho de 2019;
N∆o h† nenhum evento cadastradoˇ;
S†bado, 15 de Junho de 2019;
N∆o h† nenhum evento cadastradoˇ;
Sexta-Feira, 14 de Junho de 2019;
N∆o h† nenhum evento cadastradoˇ;
Quinta-Feira, 13 de Junho de 2019;
09:00h - DESPACHOS INTERNOS;
13:30h - DESPACHOS INTERNOS;
;
Quarta-Feira, 12 de Junho de 2019;
N∆o h† nenhum evento cadastradoˇ;
Teráa-Feira, 11 de Junho de 2019;
09:00h - DESPACHOS INTERNOS;
10:00h - CERIM‚NIA ALUSIVA AO 154ß ANIVERSµRIO DA BATALHA NAVAL DO RIACHUELO;
13:00h - ENCONTRO DO DIA DA AVIAÄ«O DE TRANSPORTE;
;
Segunda-Feira, 10 de Junho de 2019;
09:00h - AUDI“NCIA COM O EMBAIXADOR DO PERUˇ;
16:00h - CERIM‚NIA ALUSIVA AO 20¯ ANIVERSµRIO DE CRIAÄ«O DO MINISTêRIO DA DEFESA;
;
Domingo, 09 de Junho de 2019;
N∆o h† nenhum evento cadastradoˇ;
S†bado, 08 de Junho de 2019;
N∆o h† nenhum evento cadastradoˇ;
Sexta-Feira, 07 de Junho de 2019;
10:00h - FORMATURA ALUSIVA AO ANIVERSµRIO DO COMANDO DE OPERAÄÂES AEROESPACIAIS;
13:30h - DESPACHOS INTERNOS;
;
Quinta-Feira, 06 de Junho de 2019;
09:00h - DESPACHOS INTERNOS;
13:30h - DESPACHOS INTERNOS;
;
Quarta-Feira, 05 de Junho de 2019;
N∆o h† nenhum evento cadastradoˇ;
Teráa-Feira, 04 de Junho de 2019;
09:00h - DESPACHOS INTERNOS;
14:30h - REUNI«O MINISTERIAL;
;
Segunda-Feira, 03 de Junho de 2019;
09:00h - DESPACHOS INTERNOS;
13:30h - DESPACHOS INTERNOS;
;
Domingo, 02 de Junho de 2019;
N∆o h† nenhum evento cadastradoˇ;
S†bado, 01 de Junho de 2019;
N∆o h† nenhum evento cadastradoˇ;
Sexta-Feira, 31 de Maio de 2019;
10:30h - CERIM‚NIA ALUSIVA A TRANSMISS«O DE CARGO DO CHEFE DO ESTADO MAIOR DA ARMADA;
;
Quinta-Feira, 30 de Maio de 2019;
09:00h - DESPACHOS INTERNOS;
13:30h - DESPACHOS INTERNOS;
;
Quarta-Feira, 29 de Maio de 2019;
09:00h - DESPACHOS INTERNOS;
13:30h - DESPACHOS INTERNOS;
;
Teráa-Feira, 28 de Maio de 2019;
09:00h - DESPACHOS INTERNOS;
13:30h - DESPACHOS INTERNOS;
;
Segunda-Feira, 27 de Maio de 2019;
09:00h - DESPACHOS INTERNOS;
13:30h - DESPACHOS INTERNOS;
;
Domingo, 26 de Maio de 2019;
N∆o h† nenhum evento cadastradoˇ;
S†bado, 25 de Maio de 2019;
N∆o h† nenhum evento cadastradoˇ;
Sexta-Feira, 24 de Maio de 2019;
N∆o h† nenhum evento cadastradoˇ;
Quinta-Feira, 23 de Maio de 2019;
09:00h - INAUGURAÄ«O DO MEMORIAL DA FAB NA AMAZ‚NIA;
13:30h - DESPACHOS INTERNOS;
;
Quarta-Feira, 22 de Maio de 2019;
09:00h - DESPACHOS INTERNOS;
16:00h - CERIM‚NIA ALUSIVA AO DIA DA AVIAÄ«O DE PATRULHA;
;
Teráa-Feira, 21 de Maio de 2019;
N∆o h† nenhum evento cadastradoˇ;
Segunda-Feira, 20 de Maio de 2019;
N∆o h† nenhum evento cadastradoˇ;
Domingo, 19 de Maio de 2019;
N∆o h† nenhum evento cadastradoˇ;
S†bado, 18 de Maio de 2019;
N∆o h† nenhum evento cadastradoˇ;
Sexta-Feira, 17 de Maio de 2019;
09:00h - DESPACHOS INTERNOS;
11:00h - FORMATURA ALUSIVA AOS 50 ANOS DO SEXTO ESQUADR«O DE TRANSPORTE AêREO;
16:30h - SOLENIDADE DE ENTREGA DE ESPADAS CIAAR;
;
Quinta-Feira, 16 de Maio de 2019;
10:00h - FORMATURA ALUSIVA AOS 50 ANOS DO COMANDO GERAL DO PESSOAL;
13:30h - DESPACHOS INTERNOS;
15:30h - DESPACHOS INTERNOS;
;
Quarta-Feira, 15 de Maio de 2019;
09:00h - DESPACHOS INTERNOS;
10:30h - AULA NA ESCOLA SUPERIOR DE GUERRA;
14:00h - DESPACHOS INTERNOS;
;
Teráa-Feira, 14 de Maio de 2019;
09:00h - DESPACHOS INTERNOS;
16:00h - AULA NO CENTRO DE INSTRUÄ«O E ADAPTAÄ«O DA AERONµUTICA;
;
Segunda-Feira, 13 de Maio de 2019;
09:00h - DESPACHOS INTERNOS;
13:30h - DESPACHOS INTERNOS;
;
Domingo, 12 de Maio de 2019;
N∆o h† nenhum evento cadastradoˇ;
S†bado, 11 de Maio de 2019;
N∆o h† nenhum evento cadastradoˇ;
Sexta-Feira, 10 de Maio de 2019;
09:30h - DESPACHOS INTERNOS;
13:30h - DESPACHOS INTERNOS;
;
Quinta-Feira, 09 de Maio de 2019;
09:00h - DESPACHOS INTERNOS;
13:30h - DESPACHOS INTERNOS;
;
Quarta-Feira, 08 de Maio de 2019;
09:00h - DESPACHOS INTERNOS;
13:30h - DESPACHOS INTERNOS;
;
Teráa-Feira, 07 de Maio de 2019;
09:00h - REUNI«O DE ALTO-COMANDO DAS FORÄAS ARMADAS - RACFA.ˇ;
14:00h - DESPACHOS INTERNOS;
;
Segunda-Feira, 06 de Maio de 2019;
09:00h - CERIM‚NIA ALUSIVA AO ANIVERSµRIO DO COLêGIO MILITAR DO RIO DE JANEIRO;
14:00h - DESPACHOS INTERNOS;
;
Domingo, 05 de Maio de 2019;
N∆o h† nenhum evento cadastradoˇ;
S†bado, 04 de Maio de 2019;
N∆o h† nenhum evento cadastradoˇ;
Sexta-Feira, 03 de Maio de 2019;
09:30h - DESPACHOS INTERNOS;
11:00h - DESPACHOS INTERNOS;
14:00h - DESPACHOS INTERNOS;
;
Quinta-Feira, 02 de Maio de 2019;
09:00h - DESPACHOS INTERNOS;
10:30h - DESPACHOS INTERNOS;
14:00h - DESPACHOS INTERNOS;
15:30h - DESPACHOS INTERNOS;
;
Quarta-Feira, 01 de Maio de 2019;
N∆o h† nenhum evento cadastradoˇ;
Teráa-Feira, 30 de Abril de 2019;
09:00h - DESPACHOS INTERNOS;
14:00h - REUNI«O COM O MINISTRO DA DEFESA;
;
Segunda-Feira, 29 de Abril de 2019;
11:00h - REUNI«O NO TRIBUNAL REGIONAL FEDERAL DA 4¶ REGI«O;
13:30h - REUNI«O NO TRIBUNAL REGIONAL FEDERAL DA 4¶ REGI«O;
;
Domingo, 28 de Abril de 2019;
N∆o h† nenhum evento cadastradoˇ;
S†bado, 27 de Abril de 2019;
N∆o h† nenhum evento cadastradoˇ;
Sexta-Feira, 26 de Abril de 2019;
N∆o h† nenhum evento cadastradoˇ;
Quinta-Feira, 25 de Abril de 2019;
09:00h - VISITA AO CENTRO DE LANÄAMENTO DE ALC∂NTARA;
;
Quarta-Feira, 24 de Abril de 2019;
09:00h - DESPACHOS INTERNOS;
13:30h - DESPACHOS INTERNOS;
;
Teráa-Feira, 23 de Abril de 2019;
09:00h - DESPACHOS INTERNOS;
12:00h - ALMOÄO E REUNI«O COM O MINISTRO DE ESTADO DA DEFESA E PARLAMENTARES;
16:00h - DESPACHOS INTERNOS;
;
Segunda-Feira, 22 de Abril de 2019;
10:00h - CERIM‚NIA ALUSIVA AO DIA DA AVIAÄ«O DE CAÄA;
;
Domingo, 21 de Abril de 2019;
N∆o h† nenhum evento cadastradoˇ;
S†bado, 20 de Abril de 2019;
N∆o h† nenhum evento cadastradoˇ;
Sexta-Feira, 19 de Abril de 2019;
N∆o h† nenhum evento cadastradoˇ;
Quinta-Feira, 18 de Abril de 2019;
N∆o h† nenhum evento cadastradoˇ;
Quarta-Feira, 17 de Abril de 2019;
N∆o h† nenhum evento cadastradoˇ;
Teráa-Feira, 16 de Abril de 2019;
09:00h - COMEMORAÄÂES ALUSIVAS AO DIA DA AVIAÄ«O DE CAÄA;
;
Segunda-Feira, 15 de Abril de 2019;
09:00h - DESPACHOS INTERNOS;
13:30h - DESPACHOS INTERNOS;
;
Domingo, 14 de Abril de 2019;
N∆o h† nenhum evento cadastradoˇ;
S†bado, 13 de Abril de 2019;
N∆o h† nenhum evento cadastradoˇ;
Sexta-Feira, 12 de Abril de 2019;
09:00h - DESPACHOS INTERNOS;
13:30h - DESPACHOS INTERNOS;
;
Quinta-Feira, 11 de Abril de 2019;
10:00h - VISITA ∑ COMISS«O DE RELAÄÂES EXTERIORES - CRE;
14:00h - DESPACHOS INTERNOS;
;
Quarta-Feira, 10 de Abril de 2019;
09:00h - REUNI«O COM A COMISS«O DE RELAÄ«O EXTERIORES E DEFESA NACIONAL;
13:30h - DESPACHOS INTERNOS;
15:30h - AUDI“NCIA COM A FUNDAÄ«O EZUTE;
;
Teráa-Feira, 09 de Abril de 2019;
09:00h - DESPACHOS INTERNOS;
11:00h - ALMOÄO COM PARLAMENTARES;
13:30h - DESPACHOS INTERNOS;
;
Segunda-Feira, 08 de Abril de 2019;
08:00h - CAFê DA MANH« COM O MINISTRO DA JUSTIÄA E SEGURANÄA PÈBLICA, EXMO. SR. MINISTRO SERGIO FERNANDO MORO;
10:00h - DESPACHOS INTERNOS;
13:30h - DESPACHOS INTERNOS;
;
Domingo, 07 de Abril de 2019;
N∆o h† nenhum evento cadastradoˇ;
S†bado, 06 de Abril de 2019;
N∆o h† nenhum evento cadastradoˇ;
Sexta-Feira, 05 de Abril de 2019;
N∆o h† nenhum evento cadastradoˇ;
Quinta-Feira, 04 de Abril de 2019;
N∆o h† nenhum evento cadastradoˇ;
Quarta-Feira, 03 de Abril de 2019;
09:00h - PASSAGEM DE COMANDO DA ESCOLA SUPERIOR DE GUERRA;
13:30h - LAAD 2019;
;
Teráa-Feira, 02 de Abril de 2019;
09:00h - ABERTURA DA LAAD 2019;
11:30h - LAAD 2019;
13:00h - LAAD 2019;
;
Segunda-Feira, 01 de Abril de 2019;
09:00h - DESPACHOS INTERNOS;
14:00h - PARTICIPAÄ«O NO SEMINµRIO DA REVISTA FORÄA AêREA;
;
Domingo, 31 de Maráo de 2019;
N∆o h† nenhum evento cadastradoˇ;
S†bado, 30 de Maráo de 2019;
N∆o h† nenhum evento cadastradoˇ;
Sexta-Feira, 29 de Maráo de 2019;
09:30h - AUDI“NCIA COM O EXMO. SR PRESIDENTE DA REPÈBLICA;
11:00h - DESPACHOS INTERNOS;
13:30h - DESPACHOS INTERNOS;
;
Quinta-Feira, 28 de Maráo de 2019;
10:00h - CERIM‚NIA DE IMPOSIÄ«O DA ORDEM DO MêRITO JUDICIµRIO MILITAR;
13:30h - DESPACHOS INTERNOS;
;
Quarta-Feira, 27 de Maráo de 2019;
09:00h - DESPACHOS INTERNOS;
13:30h - DESPACHOS INTERNOS;
;
Teráa-Feira, 26 de Maráo de 2019;
09:00h - DESPACHOS INTERNOS;
13:30h - DESPACHOS INTERNOS;
;
Segunda-Feira, 25 de Maráo de 2019;
10:30h - FORMATURA ALUSIVA AO DIA DO ESPECIALISTA;
;
Domingo, 24 de Maráo de 2019;
N∆o h† nenhum evento cadastradoˇ;
S†bado, 23 de Maráo de 2019;
N∆o h† nenhum evento cadastradoˇ;
Sexta-Feira, 22 de Maráo de 2019;
09:00h - DESPACHOS INTERNOS;
13:30h - DESPACHOS INTERNOS;
15:00h - AUDI“NCIA COM O EMBAIXADOR DA ALEMANHA;
16:00h - DESPACHOS INTERNOS;
;
Quinta-Feira, 21 de Maráo de 2019;
09:00h - DESPACHOS INTERNOS;
10:30h - DESPACHOS INTERNOS;
13:30h - DESPACHOS INTERNOS;
15:00h - DESPACHOS INTERNOS;
;
Quarta-Feira, 20 de Maráo de 2019;
09:00h - DESPACHOS INTERNOS;
10:00h - REUNI«O COM O PRESIDENTE DA REPÈBLICA;
13:30h - DESPACHOS INTERNOS;
;
Teráa-Feira, 19 de Maráo de 2019;
09:00h - DESPACHOS INTERNOS;
11:00h - DESPACHOS INTERNOS;
15:00h - PARTICIPAÄ«O NO WORKSHOP DO COMANDO DE PREPARO;
;
Segunda-Feira, 18 de Maráo de 2019;
09:00h - DESPACHOS INTERNOS;
13:30h - DESPACHOS INTERNOS;
;
Domingo, 17 de Maráo de 2019;
N∆o h† nenhum evento cadastradoˇ;
S†bado, 16 de Maráo de 2019;
N∆o h† nenhum evento cadastradoˇ;
Sexta-Feira, 15 de Maráo de 2019;
09:00h - VIAGEM OFICIAL AO DEPARTAMENTO DE CI“NCIA E TECNOLOGIA AEROSPACIAL;
;
Quinta-Feira, 14 de Maráo de 2019;
09:00h - DESPACHOS INTERNOS;
10:30h - ASSINATURA DO DECRETO DE PROMOÄ«O DE OFICIAIS GENERAIS;
12:00h - ALMOÄO COM O COMANDANTE DA MARINHA DO BRASIL;
15:00h - AUDI“NCIA COM O EMBAIXADOR DO CANADµ;
;
Quarta-Feira, 13 de Maráo de 2019;
N∆o h† nenhum evento cadastradoˇ;
Teráa-Feira, 12 de Maráo de 2019;
09:00h - DESPACHOS INTERNOS;
09:00h - DESPACHOS INTERNOS;
12:30h - RECEPÄ«O AO PRESIDENTE DA REPÈBLICA FEDERATIVA DO PARAGUAI;
;
Segunda-Feira, 11 de Maráo de 2019;
09:00h - DESPACHOS INTERNOS;
13:30h - DESPACHOS INTERNOS;
;
Domingo, 10 de Maráo de 2019;
N∆o h† nenhum evento cadastradoˇ;
S†bado, 09 de Maráo de 2019;
N∆o h† nenhum evento cadastradoˇ;
Sexta-Feira, 08 de Maráo de 2019;
10:00h - AULA INAUGURAL NA UNIVERSIDADE DA FORÄA AêREA;
;
Quinta-Feira, 07 de Maráo de 2019;
09:00h - DESPACHOS INTERNOS;
10:30h - DESPACHOS INTERNOS;
13:30h - DESPACHOS INTERNOS;
;
Quarta-Feira, 06 de Maráo de 2019;
13:30h - DESPACHOS INTERNOS;
15:30h - AUDI“NCIA COM O EMBAIXADOR DA REPÈBLICA POPULAR DA CHINA;
;
Teráa-Feira, 05 de Maráo de 2019;
N∆o h† nenhum evento cadastradoˇ;
Segunda-Feira, 04 de Maráo de 2019;
N∆o h† nenhum evento cadastradoˇ;
Domingo, 03 de Maráo de 2019;
N∆o h† nenhum evento cadastradoˇ;
S†bado, 02 de Maráo de 2019;
N∆o h† nenhum evento cadastradoˇ;
Sexta-Feira, 01 de Maráo de 2019;
N∆o h† nenhum evento cadastradoˇ;
Quinta-Feira, 28 de Fevereiro de 2019;
N∆o h† nenhum evento cadastradoˇ;
Quarta-Feira, 27 de Fevereiro de 2019;
N∆o h† nenhum evento cadastradoˇ;
Teráa-Feira, 26 de Fevereiro de 2019;
09:00h - DESPACHOS INTERNOS;
10:30h - DESPACHOS INTERNOS;
14:00h - AUDI“NCIA COM A REPRESENTANTE DA UNESCO NO BRASIL;
15:00h - AUDI“NCIA COM O CEO DA SAAB;
;
Segunda-Feira, 25 de Fevereiro de 2019;
10:30h - REUNI«O COM O PRESIDENTE DA REPÈBLICA, JAIR BOLSONARO;
14:30h - AULA INAUGURAL NA ACADEMIA DA FORÄA AêREA;
;
Domingo, 24 de Fevereiro de 2019;
N∆o h† nenhum evento cadastradoˇ;
S†bado, 23 de Fevereiro de 2019;
N∆o h† nenhum evento cadastradoˇ;
Sexta-Feira, 22 de Fevereiro de 2019;
N∆o h† nenhum evento cadastradoˇ;
Quinta-Feira, 21 de Fevereiro de 2019;
09:00h - VIAGEM OFICIAL PARA GAVI«O PEIXOTO - SP E S«O JOSê DOS CAMPOS - SP;
;
Quarta-Feira, 20 de Fevereiro de 2019;
09:00h - DESPACHOS INTERNOS;
13:30h - DESPACHOS INTERNOS;
;
Teráa-Feira, 19 de Fevereiro de 2019;
09:00h - DESPACHOS INTERNOS;
14:00h - DESPACHOS INTERNOS;
;
Segunda-Feira, 18 de Fevereiro de 2019;
09:00h - DESPACHOS INTERNOS;
13:30h - DESPACHOS INTERNOS;
;
Domingo, 17 de Fevereiro de 2019;
N∆o h† nenhum evento cadastradoˇ;
S†bado, 16 de Fevereiro de 2019;
N∆o h† nenhum evento cadastradoˇ;
Sexta-Feira, 15 de Fevereiro de 2019;
N∆o h† nenhum evento cadastradoˇ;
Quinta-Feira, 14 de Fevereiro de 2019;
09:00h - DESPACHOS INTERNOS;
13:30h - DESPACHOS INTERNOS;
;
Quarta-Feira, 13 de Fevereiro de 2019;
09:00h - DESPACHOS INTERNOS;
14:00h - DESPACHOS INTERNOS;
;
Teráa-Feira, 12 de Fevereiro de 2019;
09:00h - DESPACHOS INTERNOS;
14:00h - DESPACHOS INTERNOS;
;
Segunda-Feira, 11 de Fevereiro de 2019;
09:00h - DESPACHOS INTERNOS;
10:30h - DESPACHOS INTERNOS;
15:00h - AUDI“NCIA COM O ALMIRANTE CRAIG S. FALLER - COMANDANTE MILITAR DO SUL DOS EUA;
16:30h - DESPACHOS INTERNOS;
;
Domingo, 10 de Fevereiro de 2019;
N∆o h† nenhum evento cadastradoˇ;
S†bado, 09 de Fevereiro de 2019;
N∆o h† nenhum evento cadastradoˇ;
Sexta-Feira, 08 de Fevereiro de 2019;
N∆o h† nenhum evento cadastradoˇ;
Quinta-Feira, 07 de Fevereiro de 2019;
09:00h - DESPACHOS INTERNOS;
13:30h - DESPACHOS INTERNOS;
;
Quarta-Feira, 06 de Fevereiro de 2019;
09:00h - DESPACHOS INTERNOS;
13:30h - DESPACHOS INTERNOS;
;
Teráa-Feira, 05 de Fevereiro de 2019;
09:00h - DESPACHOS INTERNOS;
13:00h - ALMOÄO COM O EXMO SR TARC÷SIO FREITAS, MINISTRO DA INFRAESTRUTURA;
14:30h - DESPACHOS INTERNOS;
;
Segunda-Feira, 04 de Fevereiro de 2019;
09:00h - DESPACHOS INTERNOS;
13:30h - DESPACHOS INTERNOS;
15:00h - SESS«O SOLENE DESTINADA A INAUGURAR A 1¶ SESS«O LEGISLATIVA ORDINµRIA DA 56¶ LEGISLATURA;
;
Domingo, 03 de Fevereiro de 2019;
N∆o h† nenhum evento cadastradoˇ;
S†bado, 02 de Fevereiro de 2019;
N∆o h† nenhum evento cadastradoˇ;
Sexta-Feira, 01 de Fevereiro de 2019;
N∆o h† nenhum evento cadastradoˇ;
Quinta-Feira, 31 de Janeiro de 2019;
09:00h - DESPACHOS INTERNOS;
13:30h - DESPACHOS INTERNOS;
;
Quarta-Feira, 30 de Janeiro de 2019;
09:00h - DESPACHOS INTERNOS;
13:30h - DESPACHOS INTERNOS;
;
Teráa-Feira, 29 de Janeiro de 2019;
09:30h - VISITA AO COMANDO DE OPERAÄÂES AEROESPACIAIS;
13:30h - VISITA SO CENTRO DE INVESTIGAÄ«O E PREVENÄ«O DE ACIDENTES AERONµUTICOS;
16:00h - DESPACHOS INTERNOS;
;
Segunda-Feira, 28 de Janeiro de 2019;
09:00h - Despachos Internos;
13:30h - Despachos Internos;
;
Domingo, 27 de Janeiro de 2019;
N∆o h† nenhum evento cadastradoˇ;
S†bado, 26 de Janeiro de 2019;
N∆o h† nenhum evento cadastradoˇ;
Sexta-Feira, 25 de Janeiro de 2019;
N∆o h† nenhum evento cadastradoˇ;
Quinta-Feira, 24 de Janeiro de 2019;
09:00h - Despachos Internos;
13:30h - Despachos Internos;
;
Quarta-Feira, 23 de Janeiro de 2019;
09:00h - Despachos Internos;
10:30h - Despachos Internos;
14:00h - Despachos Internos;
16:00h - Despachos Internos;
;
Teráa-Feira, 22 de Janeiro de 2019;
09:00h - Despachos Internos;
11:00h - Reuni∆o com o Ministro da Defesa;
14:00h - Despachos Internos;
16:00h - Despachos Internos;
;
Segunda-Feira, 21 de Janeiro de 2019;
09:00h - Despachos Internos;
13:30h - Despachos Internos;
16:00h - FORMATURA DE ANIVERSµRIO DE CRIAÄ«O CO MINISTêRIO DA AERONµUTICA;
;
Domingo, 20 de Janeiro de 2019;
N∆o h† nenhum evento cadastradoˇ;
S†bado, 19 de Janeiro de 2019;
N∆o h† nenhum evento cadastradoˇ;
Sexta-Feira, 18 de Janeiro de 2019;
N∆o h† nenhum evento cadastradoˇ;
Quinta-Feira, 17 de Janeiro de 2019;
N∆o h† nenhum evento cadastradoˇ;
Quarta-Feira, 16 de Janeiro de 2019;
N∆o h† nenhum evento cadastradoˇ;
Teráa-Feira, 15 de Janeiro de 2019;
08:00h - DESPACHOS INTERNOS;
13:30h - DESPACHOS INTERNOS;
;
Segunda-Feira, 14 de Janeiro de 2019;
09:00h - REUNI«O COM O MINISTRO DA DEFESA;
15:30h - DESPACHOS INTERNOS;
;
Domingo, 13 de Janeiro de 2019;
N∆o h† nenhum evento cadastradoˇ;
S†bado, 12 de Janeiro de 2019;
N∆o h† nenhum evento cadastradoˇ;
Sexta-Feira, 11 de Janeiro de 2019;
11:00h - CERIM‚NIA DE PASSAGEM DO CARGO DE COMANDANTE DO EXêRCITO BRASILEIRO;
;
Quinta-Feira, 10 de Janeiro de 2019;
08:00h - DESPACHOS INTERNOS;
10:30h - CERIM‚NIA DE PASSAGEM DE CARGO DE CHEFE DO ESTADO-MAIOR DA AERONµUTICA;
17:30h - REUNI«O COM O PRESIDENTE DA REPÈBLICA;
;
Quarta-Feira, 09 de Janeiro de 2019;
08:00h - DESPACHOS INTERNOS;
10:30h - PASSAGEM DE COMANDO DA MARINHA;
13:30h - DESPACHOS INTERNOS;
16:00h - REUNI«O COM O MINISTRO DA DEFESA;
;
Teráa-Feira, 08 de Janeiro de 2019;
08:00h - DESPACHOS INTERNOS;
10:30h - PASSAGEM DE COMANDO DA ALA 1;
12:30h - ALMOÄO EM HOMENAGEM AO COMANDANTE DA MARINHA;
13:30h - DESPACHOS INTERNOS;
16:00h - TRANSMISS«O DO CARGO DE SECRETµRIO DE ECONOMIA, FINANÄAS E ADMINISTRAÄ«O DA AERONµUTICA;
;
Segunda-Feira, 07 de Janeiro de 2019;
08:00h - DESPACHOS INTERNOS;
11:00h - REUNI«O COM O MINISTRO DA DEFESA;
13:30h - DESPACHOS INTERNOS;
15:00h - PASSAGEM DO CARGO DE VICE-SECRETµRIO DA SECRETARIA DE ECONOMIA, FINANÄAS E ADMINISTRAÄ«O DA AERONµUT;
16:00h - DESPACHOS INTERNOS;
;
Domingo, 06 de Janeiro de 2019;
N∆o h† nenhum evento cadastradoˇ;
S†bado, 05 de Janeiro de 2019;
N∆o h† nenhum evento cadastradoˇ;
Sexta-Feira, 04 de Janeiro de 2019;
10:30h - CERIM‚NIA DE PASSAGEM DO COMANDO DA AERONµUTICA;
;
Quinta-Feira, 03 de Janeiro de 2019;
11:00h - PASSAGEM DE CHEFIA DO GABINETE DO COMANDANTE DA AERONµUTICA;
15:30h - CERIM‚NIA DE DESCERRAMENTO DA FOTO DO COMANDANTE DA AERONµUTICA;
;
Quarta-Feira, 02 de Janeiro de 2019;
08:00h - DESPACHOS INTERNOS;
09:00h - TRANSMISS«O DE CARGO DE MINISTRO DE ESTADO DA CI“NCIA, TECNOLOGIA, INOVAÄÂES E COMUNICAÄÂES;
11:00h - DESPACHOS INTERNOS;
13:30h - DESPACHOS INTERNOS;
16:00h - TRANSMISS«O DE CARGO DE MINISTRO DE ESTADO DA DEFESA;
;
Teráa-Feira, 01 de Janeiro de 2019;
15:30h - SESS«O SOLENE DE POSSE PRRESIDENCIAL;
16:30h - CERIM‚NIA DE NOMEAÄ«O DOS MINISTROS DE ESTADO;
18:30h - POSSE PRESIDENCIAL - RECEPÄ«O NO PALµCIO DO ITAMARATY;
