Cel Av;ADELSON NOGUEIRA DA MOTA;(Oficial)
Senhora;ADRIANA DE BARROS NOGUEIRA DE MATTOS;(Cavaleiro)
Senhora;ADRIANA DE SOUZA BORGES SIQUEIRA;(Cavaleiro)
S Ten Inf;ADRIANO ALVES TEPERINO;(Cavaleiro)
CT (AA);ADRIANO DA SILVA;(Cavaleiro)
CMG;ADRIANO MARCELINO BATISTA;(Oficial)
Subsecretário;ADRIANO PEREIRA DE PAULA;(Cavaleiro)
Senhor;ALBERTO CARLOS DE MELLO FONSECA;(Oficial)
Doutor;ALCIDES ALCARAZ GOMES;(Oficial)
Brig Int;ALCIDES ROBERTO NUNES;(Comendador)
Gen Bda;ALCIO ALVES ALMEIDA E COSTA;(Comendador)
Cel Av;ALESSANDRO BARBOSA ARRAIS DE OLIVEIRA;(Cavaleiro)
Cel Av;ALESSANDRO CRAMER;(Oficial)
Cel Av;ALESSANDRO SORGINI D'AMATO;(Cavaleiro)
Cel Cav;ALEX ALEXANDRE DE MESQUITA;(Oficial)
Cel Av;ALEX MENDES LIMA;(Cavaleiro)
Lt Gen (CANADÁ);ALEXANDER DONALD MEINZINGER;(Grande-Oficial)
SO QSS BMT;ALEXANDRE AUGUSTO DE OLIVEIRA;(Cavaleiro)
Cel Med;ALEXANDRE BESSA ROALE;(Cavaleiro)
Cel Av;ALEXANDRE DA COSTA CUNHA;(Cavaleiro)
Cel Av;ALEXANDRE DE CARVALHO RIBEIRO;(Cavaleiro)
Gen Bda Eng Mil;ALEXANDRE FERNANDES LOBO NOGUEIRA;(Comendador)
SO QSS BEI;ALEXANDRE HENRIQUE CHAVES;(Cavaleiro)
Cel Av;ALEXANDRE HOFFMANN;(Oficial)
Cel Av;ALEXANDRE LIMA PRADO;(Oficial)
Cel Av;ALEXANDRE MENDES DE OLIVEIRA;(Oficial)
V Alte;ALEXANDRE RABELLO DE FARIA;(Grande-Oficial)
Senhor;ALEXANDRE SILVEIRA DE OLIVEIRA;(Oficial)
Brig Inf;ALMIR PINTO DE LIMA;(Comendador)
Cap QOEA SVA;AMARO COSTA TAVARES;(Cavaleiro)
Secretário;AMARO LUIZ DE OLIVEIRA GOMES;(Oficial)
V Alte;AMAURY CALHEIROS BOITE JUNIOR;(Grande-Oficial)
Cel Int;ANCELMO MODESTI;(Comendador)
1S QSS BEV;ANDERSON REGINALDO SANTILLI;(Cavaleiro)
Gen Bda Int;ANDRÉ BASTOS SILVA;(Comendador)
Professor;ANDRE DA COSTA GONÇALVES;(Cavaleiro)
Cel Av;ANDRE DA SILVA FERREIRA;(Oficial)
Cel Av;ANDRÉ FERNANDO ALBUQUERQUE BERGO;(Cavaleiro)
SO QSS BMA;ANDRÉ GOMES CRUZ;(Cavaleiro)
Cel Av;ANDRE LUIS BARBOZA TOPINI;(Oficial)
Cel Dent;ANDRE LUIS MACHADO SOARES;(Cavaleiro)
CF;ANDRÉ LUIS MARTINI VIEIRA;(Cavaleiro)
Gen Div;ANDRÉ LUIS NOVAES MIRANDA;(Grande-Oficial)
Cel Av;ANDRE LUIS RIBEIRO;(Oficial)
SO (SI);ANDRÉ LUIZ BEZERRA DA ROCHA;(Cavaleiro)
Deputado Estadual (RN);ANDRÉ LUIZ VIEIRA DE AZEVEDO;(Oficial)
Cel Av;ANDRÉ MAURICIO SCHNEIDER;(Cavaleiro)
Cel Av;ANDREI GARCIA NUNES;(Cavaleiro)
Doutor;ANTÔNIO AUGUSTO NEVES;(Oficial)
C Alte;ANTÔNIO CAPISTRANO DE FREITAS FILHO;(Comendador)
Gen Div;ANTONIO CÉSAR ALVES ROCHA;(Grande-Oficial)
Doutor;ANTÔNIO CHAGAS RODRIGUES;(Cavaleiro)
Secretário;ANTÔNIO DE PÁDUA VIEIRA CAVALCANTI;(Cavaleiro)
Cel Av;ANTONIO FERREIRA DE LIMA JUNIOR;(Oficial)
S Ten Inf;ANTONIO JOSÉ DA SILVA;(Cavaleiro)
Delegado;ANTÔNIO JOSÉ DOS SANTOS;(Cavaleiro)
Brig Ar;ANTONIO LUIZ GODOY SOARES MIONI RODRIGUES;(Comendador)
Gen Div;ANTONIO MANOEL DE BARROS;(Grande-Oficial)
Cel Av;ANTONIO MARCOS GODOY SOARES MIONI RODRIGUES;(Oficial)
Doutor;ANTÔNIO PEREIRA DUARTE;(Grande-Oficial)
CMG (FN);ANTÔNIO PESTANA GARCEZ NETO;(Oficial)
Gen Bda Eng Mil;ARMANDO MORADO FERREIRA;(Comendador)
Cel Av;ARNALDO DE OLIVEIRA ALVES NETO;(Cavaleiro)
Professor;ARTUR ALEXANDRE FEIO DE VICTORIA CANDEIAS;(Oficial)
General (CHILE);ARTURO MERINO NÚÑEZ;(Grande-Oficial)
Maj Brig Ar;ARY SOARES MESQUITA;(Grande-Oficial)
Secretário;BRUNO BIANCO LEAL;(Comendador)
SO QSS SGS;BRUNO EDUARDO DE ARAUJO VITOR;(Cavaleiro)
Cel Int;BRUNO FERREIRA DE OLIVEIRA;(Cavaleiro)
Cel Av;BRUNO PEDRA;(Cavaleiro)
Maj Gen (SUÉCIA);CARL-JOHAN EDSTRÖM;(Grande-Oficial)
SO QSS SAD;CARLA ESTEFANIA SOBREIRA DE ALMEIDA;(Cavaleiro)
Senhor;CARLOS ALBERTO MACEDO CIDADE;(Cavaleiro)
Presidente AEB;CARLOS AUGUSTO TEIXEIRA DE MOURA;(Comendador)
V Alte (FN);CARLOS CHAGAS VIANNA BRAGA;(Grande-Oficial)
Gen Bda;CARLOS DUARTE PONTUAL DE LEMOS;(Comendador)
Senador (TO);CARLOS EDUARDO TORRES GOMES;(Grande-Oficial)
SO QSS BMA;CARLOS HENRIQUE HENRY HILLMER;(Cavaleiro)
Cel Int;CARLOS JOSÉ RODRIGUES;(Cavaleiro)
Gen Bda;CARLOS MAURÍCIO BARROSO SARMENTO;(Comendador)
Cap QAO;CARLOS PEREIRA DA COSTA;(Cavaleiro)
Cel Inf (EB);CARLOS VICTOR TEIXEIRA DE VASCONCELOS;(Oficial)
Cel Med;CARMEM HELOISA PEREIRA LIMA;(Cavaleiro)
SO QSS BMA;CELESTE JOSÉ DISCACCIATI;(Cavaleiro)
Cel Av;CÉLIO OTÁVIO ARAÚJO GALVÃO;(Oficial)
Doutor;CELSO CELIDONIO;(Comendador)
2º Ten QAO;CESAR ANTONIO DE ALMEIDA;(Cavaleiro)
Cel Int;CÉSAR AUGUSTO DOS SANTOS COUTO;(Cavaleiro)
Brig Ar;CESAR FARIA GUIMARÃES;(Comendador)
Cel Int;CESAR FERNANDEZ DOS SANTOS;(Oficial)
Cel Av;CHARLES HENRIQUE FERREIRA;(Cavaleiro)
Cel Av;CHRYSTIAN ALEX SCHERK CICCACIO;(Cavaleiro)
Senhor;CIRO SACCAB;(Oficial)
Cel Av;CLAUCO FERNANDO VIEIRA ROSSETTO;(Oficial)
Embaixadora;CLAUDIA FONSECA BUZZI;(Grande-Oficial)
Cel Med;CLAUDIO COLARES LESSA;(Cavaleiro)
Delegado;CLÁUDIO FERREIRA GOMES;(Cavaleiro)
SO QSS SAD;CLÁUDIO ROBERTO RAFAEL NUNES;(Cavaleiro)
Cel Av;CLAUDIO TEIXEIRA BARROS;(Cavaleiro)
Cel Av;CLÁUDIO WILSON SATURNINO ALVES;(Oficial)
SO QSS BCO;CLEBER MENDES DE LIMA;(Cavaleiro)
2º Ten QAO;CLEOMAR MENESES BRASIL;(Cavaleiro)
Doutor;CLEYTON RIBEIRO JUNIOR;(Oficial)
SO QSS BMA;CRISTIANO ARAUJO CHAVES;(Cavaleiro)
Diretor;CRISTIANO AUGUSTO TREIN;(Oficial)
Brig Eng;DALMO JOSÉ BRAGA PAIM;(Comendador)
Cel Av;DAN MARSHAL FREITAS;(Cavaleiro)
Cel Av;DANIEL CAVALCANTI DE MENDONÇA;(Oficial)
Cel Art;DANILO SILVA MAIA;(Oficial)
SO QSS SAD;DARCI ROGERIO PEREIRA LAHRA;(Cavaleiro)
Cel Av;DARCTON POLICARPO DAMIÃO;(Oficial)
SO QSS SAD;DAVI DA SILVA PEREGRINA;(Cavaleiro)
General (EUA);DAVID L. GOLDFEIN;(Grande-Oficial)
Cel Int;DELMO SIFRÔNIO FREIRE;(Oficial)
Senhor;DIEGO TORRES DOURADO;(Cavaleiro)
Deputada Federal (RO);DIRLAINE JAQUELINE CASSOL;(Grande-Oficial)
Cel Av;DOUGLAS SABADINI MARQUES;(Oficial)
Comodoro (ARGENTINA);EDGARDO GUSTAVO SIGLER;(Oficial)
SO QSS SGS;EDSON DUARTE PINTO;(Cavaleiro)
C Alte;EDUARDO AUGUSTO WIELAND;(Comendador)
Cel Inf (EB);EDUARDO CERQUEIRA DA SILVA;(Oficial)
SO QSS BCO;EDUARDO DE OLIVEIRA RODRIGUES;(Cavaleiro)
SO QSS SGS;EDUARDO GONÇALVES DE CARVALHO;(Cavaleiro)
Cel Av;EDUARDO MIGUEL SOARES;(Oficial)
SO QSS BMA;EDUARDO VIEIRA MARQUES;(Cavaleiro)
Ten Cel Inf (EB);ELERSON OMAR MOTA TEIXEIRA;(Cavaleiro)
Cel Int;ELESIO MARTINS FERREIRA;(Cavaleiro)
Cel QOEFOT;ELISEU DIAS DA SILVA;(Cavaleiro)
SO QSS BMA;ELIVALDO DOS SANTOS CASTRO;(Cavaleiro)
SO QSS SMU;ELYMILSON MOREIRA SILVA JUNIOR;(Cavaleiro)
Cel Av;EMERSON DE OLIVEIRA;(Cavaleiro)
SO QSS BMA;ERASMO FEITOSA DE MOURA;(Cavaleiro)
Cel Med;ERICKA RABELLO GALHARDI;(Cavaleiro)
Cel Av;ERNANI MENDES SALLES;(Oficial)
Gen Div Int;EUGENIO ENEIAS CAMILO;(Grande-Oficial)
Delegado;EVARISTO PONTES MAGALHÃES;(Oficial)
Cel Av;EVERTON GERALDO CHÁCARA;(Cavaleiro)
SO QSS BEV;EVERTON ITABORAI MATTOS;(Cavaleiro)
Cel Cav;FABIANO ESPÍNOLA ARAUJO;(Oficial)
Auditor Federal;FABIANO MAIA PEREIRA;(Cavaleiro)
Professor Doutor;FÁBIO BARBOZA PASSOS;(Oficial)
SO QSS BCO;FABIO COSTA DE SOUZA;(Cavaleiro)
Cel Inf (EB);FÁBIO DE OLIVEIRA PEREIRA;(Oficial)
SO QSS BMA;FABIO FERREIRA DA COSTA;(Cavaleiro)
Cel Av;FÁBIO LUÍS CUZZIOL;(Cavaleiro)
Cel Av;FÁBIO LUÍS MORAU;(Oficial)
Cel Av;FÁBIO LUIZ BARBOSA RASTELLI;(Cavaleiro)
Cel Av;FABIO SANTOS DE VASCONCELOS;(Cavaleiro)
Cel Inf;FÁBIO SILVEIRA DE LIMA;(Cavaleiro)
Ministro de 2ª Classe;FELIPE GASTÃO BANDEIRA DE MELLO;(Comendador)
S Ten Inf;FELIPE RODRIGO LINS;(Cavaleiro)
Deputado Federal (BA);FELIX DE ALMEIDA MENDONÇA JÚNIOR;(Grande-Oficial)
Gen Ex;FERNANDO JOSÉ SANT'ANA SOARES E SILVA;(Grande-Oficial)
Cel Eng;FERNANDO MARCUS DA ROCHA CERQUEIRA;(Oficial)
Alte Esq;FLÁVIO AUGUSTO VIANA ROCHA;(Grande-Oficial)
Gen Bda;FLAVIO MAYON FERREIRA NEIVA;(Comendador)
Embaixador;FLÁVIO SOARES DAMICO;(Grande-Oficial)
Senhora;FRANCISCA OLGA DE FLORES JUNIOR;(Oficial)
Cel Av;FRANCISCO BENTO ANTUNES NETO;(Oficial)
Cel Med;GEORGIA CLAUDIA TRADE SANTOS MILIDIÚ;(Cavaleiro)
SO QSS BMA;GERALDO DE SOUZA CONCEIÇAO;(Cavaleiro)
Brig Med;GERALDO JOSÉ RODRIGUES;(Comendador)
Cel Capl;GERALDO PIO;(Oficial)
Cel Inf (EB);GIAN DERMÁRIO DA SILVA;(Oficial)
Cel Av;GIL EDUARDO DE LIMA E SILVA;(Cavaleiro)
V Alte;GILBERTO SANTOS KERR;(Grande-Oficial)
1º Sgt Eng;GILMAR BARBOZA RODRIGUES;(Cavaleiro)
Brig Int;GILSON ALVES DE ALMEIDA JÚNIOR;(Comendador)
Cel Av;GILSON ANTONIO DA SILVA SOBRAL;(Cavaleiro)
1S QSS SGS;GILTON OLIVEIRA DE MORAES;(Cavaleiro)
Senhor;GIOVANNI SULLA;(Oficial)
Cel Int (EB);GLADSTONE BARREIRA JUNIOR;(Oficial)
Cel Dent;GLAUCE AMARAL PINTO RUBIM;(Oficial)
1S QSS SAD;GRAZIELA DE SOUSA AZEVEDO;(Cavaleiro)
2º Ten QOEA CTA;GUARACI OLIVEIRA DA GRAÇA;(Cavaleiro)
Gen Div;GUIDO AMIN NAVES;(Grande-Oficial)
V Alte (EN);GUILHERME DIONIZIO ALVES;(Grande-Oficial)
CMG (MD);GUILHERME GUIMARÃES WIMMER;(Oficial)
Senhor;GUILHERME MACIEL AMORIM;(Oficial)
Gen Bda;GUSTAVO HENRIQUE DUTRA DE MENEZES;(Comendador)
Cel Av;GUSTAVO LUIS DA SILVEIRA E ELISEU;(Oficial)
Cel Av;GUSTAVO PESTANA GARCEZ;(Cavaleiro)
Embaixador;HÉLIO VITOR RAMOS FILHO;(Grande-Oficial)
Professor Doutor;HÉRCULES PEREIRA;(Comendador)
Deputado Federal (PR);HERMES PARCIANELLO;(Grande-Oficial)
Cel Av;ISMAIL BRANDÃO ABTIBOL NETO;(Oficial)
Gen Bda;IVAN DE SOUSA CORRÊA FILHO;(Comendador)
S Ten Inf;IVAN FREIRE DE FREITAS;(Cavaleiro)
Cel Int;IVAN LUIZ DE SIQUEIRA;(Cavaleiro)
Maj Gen (PERU);JAVIER FRANCISCO TRYON CARBONE;(Comendador)
Presidente LATAM;JEROME CADIER;(Oficial)
Senhor;JOÃO BOSCO DA COSTA JUNIOR;(Cavaleiro)
Maj Brig Ar;JOÃO CAMPOS FERREIRA FILHO;(Grande-Oficial)
Embaixador;JOÃO GENÉSIO DE ALMEIDA FILHO;(Grande-Oficial)
Senhor;JOÃO HENRIQUE RIBEIRO FERREIRA;(Oficial)
SO QSS BEI;JOÃO LUIZ BALTAZAR ALVES;(Cavaleiro)
SO (SI);JOÃO ROBERTO BORGES DA SILVA;(Cavaleiro)
Senhor;JOÃO RODRIGUES DA SILVA FILHO;(Cavaleiro)
Cel Av;JOÃO SPENCER FERREIRA DA COSTA JUNIOR;(Cavaleiro)
Presidente AZUL;JOHN PETER RODGERSON;(Oficial)
Diretor;JOHN WEBER ROCHA;(Cavaleiro)
SO QSS BCO;JONILTON SOUZA DE MORAIS;(Cavaleiro)
Maj Brig Eng;JORGE LUIZ CERQUEIRA FERNANDES;(Grande-Oficial)
Procurador;JORGE LUIZ NOGUEIRA DE ABREU;(Cavaleiro)
Cel Av;JORGE MARCELO MARTINS DA SILVA;(Cavaleiro)
SO QSS SEL;JORGE MARCOS CHELOTTI ADÃO;(Cavaleiro)
Senador (SC);JORGINHO DOS SANTOS MELLO;(Grande-Oficial)
Cel Inf (EB);JOSÉ ABINOAN DE SOUSA FILHO;(Oficial)
Doutor;JOSÉ CARLOS COUTO DE CARVALHO;(Grande-Oficial)
Ten Cel QOEAV;JOSÉ DE JESUS SOARES FERNANDES FILHO;(Cavaleiro)
Senhor;JOSÉ FERNANDES PONTES JUNIOR;(Cavaleiro)
Cel Com;JOSÉ FERNANDO CHAGAS MADEIRA;(Oficial)
Maj Brig Ar;JOSÉ MADUREIRA JUNIOR;(Grande-Oficial)
SO QSS BCO;JOSÉ ONIAS SOUZA DE OLIVEIRA;(Cavaleiro)
Brig Ar;JOSÉ RICARDO DE MENESES ROCHA;(Comendador)
Senhor;JOSÉ RICARDO GUIMARÃES;(Cavaleiro)
Senhor;JOSÉ ROBERTO HACHICH MALUF;(Oficial)
C Alte (Md);JOSÉ SALGADO FREIRE DA SILVA;(Comendador)
Gen Div;JOSIAS PEDROTTI DA ROSA;(Grande-Oficial)
Senhora;JULIANA DA SILVA CASTRO NUNES;(Cavaleiro)
Diretor-Presidente ANAC;JULIANO ALCÂNTARA NOMAN;(Comendador)
Cel Av;JULIANO BARROS COTA;(Cavaleiro)
Cel Dent;KARLA VELUSO BARBOSA LIMA;(Cavaleiro)
Cel Av;KENNEDY FERNANDES FERREIRA;(Oficial)
Brig Ar;LÉLIO WALTER PINHEIRO DA SILVA JUNIOR;(Comendador)
Cel Int;LEONARDO FREITAS DE SOUZA LIMA;(Cavaleiro)
Cel Av;LEONARDO GUEDES;(Oficial)
Presidente INSS;LEONARDO JOSÉ ROLIM GUIMARÃES;(Comendador)
Cel Av;LÍBERO ONODA LUIZ CALDAS;(Cavaleiro)
SO QSS BMA;LINDOMAR XAVIER DO NASCIMENTO;(Cavaleiro)
SO QSS BET;LUCIANO BORGES MULLER;(Cavaleiro)
Brig Eng;LUCIANO VALENTIM RECHIUTI;(Comendador)
SO QSS BMA;LUÍS ALBERTO SOARES;(Cavaleiro)
Embaixador;LUIS ANTONIO BALDUINO CARNEIRO;(Grande-Oficial)
Cel Av;LUIS CLAUDIO VELOSO GONÇALVES;(Oficial)
Cel Av;LUIS FELIPE DA SILVEIRA E ELISEU;(Cavaleiro)
Professor Doutor;LUIS MANUEL REBELO FERNANDES;(Cavaleiro)
Cel Inf;LUIS MARCELO SOTORIVA;(Cavaleiro)
Cel QOEAV;LUIZ ALBERTO FERREIRA MONTEIRO;(Cavaleiro)
Cel Av;LUIZ CESAR ZAMPIER ULBRICH;(Cavaleiro)
SO QSS BMA;LUIZ CLAUDIO DE SOUSA PASSARONI;(Cavaleiro)
Cel Inf (EB);LUIZ DUARTE DE FIGUEIREDO NETO;(Oficial)
Deputado Federal (RJ);LUIZ EDUARDO CARNEIRO DA SILVA DE SOUZA LIMA;(Grande-Oficial)
Cel Dent;LUIZ FERNANDO DA FONSECA;(Cavaleiro)
SO QSS BSP;LUIZ GONZAGA BATISTA FILHO;(Cavaleiro)
Maj Brig Ar;LUIZ RICARDO DE SOUZA NASCIMENTO;(Grande-Oficial)
Desembargador;MAIRAN GONÇALVES MAIA JÚNIOR;(Comendador)
SO QSS BEI;MARCELLO DO NASCIMENTO LIMA;(Cavaleiro)
Cel Av;MARCELLO LOBÃO SCHIAVO;(Oficial)
Cel Av;MARCELO ALVIM AGRÍCOLA;(Cavaleiro)
Cel Av;MARCELO BATISTA;(Oficial)
Capelão;MARCELO COELHO ALMEIDA;(Cavaleiro)
Cel Av;MARCELO DA SILVA RIBEIRO;(Cavaleiro)
SO QSS SEL;MARCELO FERREIRA SERRA;(Cavaleiro)
Brig Ar;MARCELO FORNASIARI RIVERO;(Comendador)
Alte Esq;MARCELO FRANCISCO CAMPOS;(Grande-Oficial)
Cel Av;MARCELO MAGRINELLI;(Cavaleiro)
SO (FN-IF);MARCELO MONTANINI;(Cavaleiro)
Cel Av;MARCELO MORENO;(Oficial)
Cel Int;MARCELO NUNES DE ALENCAR;(Cavaleiro)
Cap QOEA COM;MARCELO PADILHA DOS SANTOS;(Cavaleiro)
Cel Av;MARCELO RODRIGUES DOS REIS PONTES;(Cavaleiro)
Secretário-Executivo;MARCELO SAMPAIO CUNHA FILHO;(Comendador)
Cel Dent;MARCIA BERTOLOSSI HIRATA;(Cavaleiro)
SO QSS SGS;MARCIO ANTONIO PIRES FREITAS;(Cavaleiro)
Maj Brig Ar;MARCIO BRUNO BONOTTO;(Grande-Oficial)
Cel Av;MARCIO HENRIQUE SANTOS DA COSTA;(Cavaleiro)
Senador (AC);MÁRCIO MIGUEL BITTAR;(Grande-Oficial)
SO QSS SMU;MARCIO VIEIRA OUVERNEY;(Cavaleiro)
C Alte;MARCO ANTONIO ISMAEL TROVÃO DE OLIVEIRA;(Comendador)
Cel Inf (EB);MARCOS AMERICO VIEIRA PESSÔA;(Oficial)
Gen Div;MARCOS ANDRÉ DA SILVA ALVIM;(Grande-Oficial)
SO QSS BMA;MARCOS ANTONIO FERNANDES FERREIRA;(Cavaleiro)
SO QSS BET;MARCOS AURÉLIO BERNINI;(Cavaleiro)
Cel Av;MARCOS AURÉLIO VILELA VALENÇA;(Oficial)
V Alte;MARCOS BORGES SERTÃ;(Grande-Oficial)
Senhor;MARCOS ERNESTO ZARZUR;(Oficial)
SO QSS BCO;MARCOS PAULO RODRIGUES;(Cavaleiro)
SO QSS BMA;MARCOS RENATO RANGEL FREITAS;(Cavaleiro)
SO QSS BCO;MARCOS RODRIGUES MANSO;(Cavaleiro)
Cel Int;MARCUS TÚLIO DE ARAÚJO;(Oficial)
Desembargadora;MARIA DO CARMO CARDOSO;(Grande-Oficial)
Cel Med;MARIA LÚCIA DE ANDRADE FELIX;(Cavaleiro)
Cel Med;MARIA MONICA DE VASCONCELOS QUEIROGA;(Cavaleiro)
Senhora;MARÍLIA RAMOS CHAVES;(Oficial)
Cel QOEFOT;MÁRIO CELSO TEIXEIRA LOPES;(Cavaleiro)
Gen Bda;MARIO FERNANDES;(Comendador)
Cel Med;MARIO SERGIO PINEDA GUERRA;(Cavaleiro)
Cel Av;MATEUS BARROS DE ANDRADE;(Cavaleiro)
Cel Av;MAURICIO BETTEGA SEIXAS PINTO;(Cavaleiro)
Cel Med;MAURICIO RIBEIRO BRAGA;(Cavaleiro)
Cel Av;MAURÍCIO TEIXEIRA LEITE;(Oficial)
Cel Med;MAURO AMIM SAB;(Cavaleiro)
Maj Brig Int;MAURO FERNANDO COSTA MARRA;(Grande-Oficial)
Cel Av;MAURO HENRIQUE MONSANTO DA FONSECA E SOUZA;(Oficial)
SO QSS BMA;MAURO NUNES DE SOUZA;(Cavaleiro)
Senhor;MAX RODRIGO TOMAZ DE AQUINO ELIAS;(Cavaleiro)
Cel Int;MICHAEL SILVA DA CUNHA;(Cavaleiro)
Embaixadora;MITZI GURGEL VALENTE DA COSTA;(Grande-Oficial)
Gen Bda;MOACIR RANGEL JUNIOR;(Comendador)
Cel Int;NAZARENO CORREIA PEREGRINO;(Cavaleiro)
C Alte (IM);NELSON MÁRCIO ROMANELI DE ALMEIDA;(Comendador)
Cel Av;NILO SERGIO MACHADO DE AZEVEDO;(Oficial)
Embaixador;NORBERTO MORETTI;(Grande-Oficial)
Cel Av;OCTACÍLIO GIOVANNINI FILHO;(Oficial)
Cel Av;OSCAR BOECHAT ALVES JÚNIOR;(Cavaleiro)
SO QSS SAD;OSMAR DOS SANTOS ARANTES;(Cavaleiro)
Diretor;OSVALDO MATOS DE MELO JÚNIOR;(Comendador)
Diretor;OSWALDO PAIVA DA COSTA GOMIDE;(Cavaleiro)
Cel (El Salvador);PABLO ALBERTO SORIANO CRUZ;(Grande-Oficial)
Cap QAO;PASUR CAVALCANTI TENÓRIO;(Cavaleiro)
V Alte;PAULO CÉSAR COLMENERO LOPES;(Grande-Oficial)
Cel Av;PAULO CESAR LEITE VICTOR;(Oficial)
Senhor;PAULO CESAR MARIO MOVIZZO;(Oficial)
Cel Av;PAULO CEZAR FISCHER DA SILVA;(Cavaleiro)
Embaixador;PAULO ESTIVALLET DE MESQUITA;(Grande-Oficial)
SO QSS BEP;PAULO JOSÉ PIRES DE MIRANDA;(Cavaleiro)
Maj Gen (PORTUGAL);PAULO JOSÉ REIS MATEUS;(Grande-Oficial)
Cel PM (SP);PAULO LUIZ SCACHETTI JUNIOR;(Oficial)
Alte Esq (FN);PAULO MARTINO ZUCCARO;(Grande-Oficial)
Secretário;PAULO RICARDO GRAZZIOTIN GOMES;(Oficial)
Cel QOEMET;PAULO ROBERTO BASTOS DE CARVALHO;(Cavaleiro)
Maj Brig Ar;PAULO ROBERTO DE BARROS CHÃ;(Grande-Oficial)
Cel Av;PAULO ROBERTO DE CARVALHO JÚNIOR;(Oficial)
Gen Div;PAULO ROBERTO DE OLIVEIRA;(Grande-Oficial)
Cel Av;PAULO ROGERIO SOBRINHO;(Oficial)
Cel Av;PAULO SERGIO DOS ANJOS CUNHA;(Oficial)
CMG;PEDRO LIMA SILVA FILHO;(Oficial)
Ministro de Estado (SUÉCIA);PETER HULTQVIST;(Grande-Oficial)
2º Ten QAO;PETER PAUL AOKI;(Cavaleiro)
Alte Esq;PETRONIO AUGUSTO SIQUEIRA DE AGUIAR;(Grande-Oficial)
Senhora;POLYANA RODRIGUES DE ALMEIDA LIMA;(Oficial)
Cel Av;RAFAEL BEVILAQUA MENDES;(Cavaleiro)
Maj Brig Ar;RAIMUNDO NOGUEIRA LOPES NETO;(Grande-Oficial)
V Alte;RALPH DIAS DA SILVEIRA COSTA;(Grande-Oficial)
Brig Ar;RAMIRO KIRSCH PINHEIRO;(Comendador)
Ten Gen (PERU);RAÚL HOYOS DE VINATEA;(Grande-Oficial)
Brig Eng;RAYMUNDO UBIRAJARA DA FONSECA SALGADO JUNIOR;(Comendador)
Cel Av;REGIS AUGUSTO AZEVEDO PEROBA;(Oficial)
SO QSS SAD;REINALDO DE SOUZA;(Cavaleiro)
Embaixador;REINALDO JOSÉ DE ALMEIDA SALGADO;(Grande-Oficial)
Cel Av;RENATO LEAL LEITE;(Cavaleiro)
V Alte (FN);RENATO RANGEL FERREIRA;(Grande-Oficial)
Maj Inf (EB);REYNALDO RANGEL JUNIOR;(Cavaleiro)
Cel Av;RICARDO FEIJÓ PINHEIRO;(Oficial)
C Alte (FN);RICARDO HENRIQUE SANTOS DO PILAR;(Comendador)
Maj Brig Ar;RICARDO JOSÉ FREIRE DE CAMPOS;(Grande-Oficial)
Gen Bda;RICARDO JOSÉ NIGRI;(Comendador)
Cel Av;RICARDO LUIZ DANTAS DE BRITO;(Oficial)
Gen Div;RICARDO RODRIGUES CANHACI;(Grande-Oficial)
Gen Div;RIYUZO IKEDA;(Grande-Oficial)
SO QSS SAD;ROANITO SANTOS DA SILVA;(Cavaleiro)
Cel Av;ROBERTO BARROS DE OLIVEIRA;(Oficial)
Senador (MA);ROBERTO COELHO ROCHA;(Grande-Oficial)
Cel Av;ROBERTO DA CUNHA FOLLADOR;(Oficial)
Deputado Federal (SP);ROBERTO SEBASTIÃO PETERNELLI JÚNIOR;(Grande-Oficial)
Cel Int;ROBERTO SERGIO DO NASCIMENTO PINHEIRO;(Cavaleiro)
SO QSS BEI;ROBERTO SIMOES DA MOTA;(Cavaleiro)
Chanceler;ROBINSON GRANGEIRO MONTEIRO;(Cavaleiro)
Cel Av;ROBSON LUIS LOPES DOS SANTOS;(Oficial)
Cel Av;ROBSON RODRIGUES FREITAS;(Cavaleiro)
Cel Av;RODRIGO GIBIN DUARTE;(Oficial)
Senador (MG);RODRIGO OTAVIO SOARES PACHECO;(Grande-Oficial)
Gen Bda;RODRIGO PEREIRA VERGARA;(Comendador)
S Ten Inf;RODRIGO TAVARES DIAS;(Cavaleiro)
CMG (IM);ROGÉRIO DA SILVA PINTO;(Oficial)
Cel Av;ROGERIO FABIANO SCHIFFLER;(Oficial)
Ministro de Estado;ROGÉRIO SIMONETTI MARINHO;(Grande-Oficial)
Cel Av;RÔMULO COUTINHO LUCAS;(Oficial)
Embaixador;RONALDO COSTA FILHO;(Grande-Oficial)
SO QSS BET;RONALDO FRANCA CARDEAL;(Cavaleiro)
Auditor Fiscal;RONALDO LÁZARO MEDINA;(Cavaleiro)
Secretário;RONEI SAGGIORO GLANZMANN;(Comendador)
General del Aire (PARAGUAI);RUBEN DÁRIO PIRIS FERNANDEZ;(Grande-Oficial)
Senhora;SANDRA MARIANI PAPAIORDANOU;(Cavaleiro)
Cel Av;SANDRO BENEDET;(Cavaleiro)
SO QSS BET;SERGIO CAETANO JUNIOR;(Cavaleiro)
Gen Ex;SÉRGIO DA COSTA NEGRAES;(Grande-Oficial)
C Alte (IM);SERGIO HENRIQUE DA SILVA ALMEIDA;(Comendador)
Senhor;SÉRGIO JOSÉ AMÉRICO PEDREIRA;(Cavaleiro)
Cel Inf;SERGIO ROBERTO RIPP;(Oficial)
SO QSS SGS;SIDNEI LUIZ DE ARAUJO;(Cavaleiro)
Cel Av;SIDNEI VELLOSO DA SILVA JUNIOR;(Oficial)
SO QSS BMT;SIDNEY SILVESTRE DA SILVA;(Cavaleiro)
Ten Cel Av;SILVIO GONÇALVES PEREIRA;(Cavaleiro)
SO QSS BCO;SILVIO JOSÉ DE OLIVEIRA;(Cavaleiro)
Cel Cav;TALMO EVARISTO DO NASCIMENTO;(Oficial)
Ministro de Estado;TARCÍSIO GOMES DE FREITAS;(Grande-Oficial)
Secretário-Executivo;TÉRCIO ISSAMI TOKANO;(Grande-Oficial)
Delegado;THIAGO MARCANTONIO FERREIRA;(Oficial)
SO QSS BMA;VALDEMIR MANOEL DE SANTANA;(Cavaleiro)
Senhor;VALDEMIR REGIS FERREIRA DE OLIVEIRA;(Oficial)
Maj Brig Ar;VALDIR EDUARDO TUCKUMANTEL CODINHOTO;(Grande-Oficial)
SO QSS SAD;VALMIR VASCONCELOS MIRANDA;(Cavaleiro)
Maj Brig Ar;VALTER BORGES MALTA;(Grande-Oficial)
Senhor;VALTER FERREIRA DA SILVA;(Cavaleiro)
Senador (GO);VANDERLAN VIEIRA CARDOSO;(Grande-Oficial)
SO QSS BMA;VARNEI ALVES SANTOS;(Cavaleiro)
Embaixador;VILMAR ROGEIRO COUTINHO JUNIOR;(Comendador)
Maj Brig Ar;VINCENT DANG;(Grande-Oficial)
SO (ET);WASHINGTON DOS SANTOS OLIVEIRA;(Cavaleiro)
Cel Av;WEBERT ROMEIRO FREIRE;(Oficial)
SO QSS BCT;WELBER WILLIAM RIBEIRO DE BRUM;(Cavaleiro)
SO QSS BEI;WELLINGTON PINHEIRO PRALON;(Cavaleiro)
Cel QOESUP;WILLIAM SILVA DA CUNHA;(Cavaleiro)
SO QSS BMA;WILSON ANDRE VALE DE SOUZA;(Cavaleiro)
SO QSS BMA;WILSON APARECIDO COMITRE;(Cavaleiro)
Cel Av;WILSON TOMAZ DA SILVA;(Comendador)
Cel Av;WILTON DA CRUZ BARROS;(Oficial)
Cel Med;YOSHIBUMI KUMETA;(Cavaleiro)
