"Presidente da Câmara dos Deputados;Rio de Janeiro (Santos Dumont);04/01/2021 - 10:40;Brasília;04/01/2021 - 12:20;Serviço;5"
"Presidente do Supremo Tribunal Federal;Rio de Janeiro (Santos Dumont);04/01/2021 - 14:15;Brasília;04/01/2021 - 15:45;Segurança/Serviço;4"
"Presidente do Congresso Nacional;Macapá;05/01/2021 - 10:45;Brasília;05/01/2021 - 13:25;Serviço/Segurança;14"
"Presidente da Câmara dos Deputados;Brasília;05/01/2021 - 11:30;São Paulo (Congonhas);05/01/2021 - 13:00;Serviço;5"
"Presidente da Câmara dos Deputados;São Paulo (Congonhas);05/01/2021 - 16:00;Brasília;05/01/2021 - 17:25;Serviço;5"
"Presidente do Supremo Tribunal Federal;Brasília;08/01/2021 - 16:10;Rio de Janeiro (Santos Dumont);08/01/2021 - 17:45:00;Segurança/Serviço;5"
"Presidente da Câmara dos Deputados;Rio de Janeiro (Santos Dumont);09/01/2021 - 10:30;Anápolis;09/01/2021 - 12:00:00;Serviço;5"
"Ministro da Saúde;Brasília;10/01/2021 - 16:35;Manaus (Eduardo Gomes);10/01/2021 - 18:15:00;Serviço;14"
"Presidente do Supremo Tribunal Federal;Rio de Janeiro (Santos Dumont);11/01/2021 - 16:00;Brasília;11/01/2021 - 17:25:00;Segurança/Serviço;4"
"Ministro da Infraestrutura;Brasília;11/01/2021 - 08:05;São Gonçalo do Amarante;11/01/2021 - 10:35:00;Serviço;20"
"Ministro da Infraestrutura;São Gonçalo do Amarante;11/01/2021 - 17:30;Brasília;11/01/2021 - 20:15:00;Serviço;20"
"Ministro da Ciência,  Tecnologia e Inovação;São Paulo (Congonhas);11/01/2021 - 11:50;Brasília;11/01/2021 - 13:15:00;Serviço;4"
"Comandante da Marinha;São Pedro Da Aldeia;12/01/2021 - 16:40;Brasília;12/01/2021 - 18:10:00;Serviço;6"
"Ministro da Saúde;Manaus (Eduardo Gomes);13/01/2021 - 10:30;Brasília;13/01/2021 - 14:30:00;Serviço;14"
"Ministro das Comunicações;Brasília;14/01/2021 - 12:10;Natal;14/01/2021 - 14:45;Serviço;8"
"Presidente do Congresso Nacional;Brasília;15/01/2021 - 14:50;Macapá;15/01/2021 - 17:20:00;Segurança/Serviço;12"
"Presidente da Câmara dos Deputados;Rio de Janeiro (Santos Dumont);17/01/2021 - 13:55;Brasília;17/01/2021 - 15:30:00;Segurança/Serviço;9"
"Presidente do Supremo Tribunal Federal;Brasília;15/01/2021 - 15:40;Rio de Janeiro (Santos Dumont);15/01/2021 - 17:30:00;Segurança/Serviço;4"
"Ministro da Educação;Brasília;17/01/2021 - 08:50;Curitiba;17/01/2021 - 10:30:00;Serviço;7"
"Ministro da Educação;Curitiba;17/01/2021 - 14:30;Goiânia;17/01/2021 - 16:00:00;Serviço;7"
"Ministro da Educação;Goiânia;17/01/2021 - 17:30;Brasília;17/01/2021 - 17:55:00;Serviço;7"
"Presidente do Congresso Nacional;Macapá;17/01/2021 - 21:20;Brasília;18/01/2021 - 00:05;Segurança/Serviço;12"
"Presidente da Câmara dos Deputados;Brasília;18/01/2021 - 15:40;Cuiabá;18/01/2021 - 16:05;Serviço;4"
"Ministro da Cidadania;Brasília;18/01/2021 - 09:15;São Paulo (Congonhas);18/01/2021 - 10:50;Serviço;8"
"Ministro da Cidadania;Guarulhos;19/01/2021 - 00:05;Brasília;19/01/2021 - 01:25;Serviço;9"
"Ministro da Saúde;Rio de Janeiro (Galeão);18/01/2021 - 05:40;Guarulhos;18/01/2021 - 06:30;Serviço;11"
"Ministro da Saúde;Guarulhos;18/01/2021 - 09:45;Brasília;18/01/2021 - 11:00;Serviço;11"
"Ministro das Comunicações;Natal;18/01/2021 - 11:35;Brasília;18/01/2021 - 14:15;Serviço;6"
"Presidente da Câmara dos Deputados;Cuiabá;19/01/2021 - 15:55;Brasília;19/01/2021 - 18:25;Serviço;5"
"Presidente da Câmara dos Deputados;Brasília;22/01/2021 - 10:35;São Paulo (Congonhas);22/01/2021 - 12:10;Serviço;5"
"Ministro das Relações Exteriores;Rio de Janeiro (Galeão);22/01/2021 - 23:45;Brasília;23/01/2021 - 01:15;Serviço;5"
"Ministro da Saúde;Brasília;22/01/2021 - 13:20;Guarulhos;22/01/2021 - 14:50;Serviço;11"
"Ministro da Saúde;Guarulhos;22/01/2021 - 21:00;Rio de Janeiro (Galeão);22/01/2021 - 21:40;Serviço;11"
"Ministro das Comunicações;Natal;22/01/2021 - 13:00;Guarulhos;22/01/2021 - 16:15;Serviço;5"
"Ministro das Comunicações;Guarulhos;22/01/2021 - 21:00;Natal;23/01/2021 - 00:20;Serviço;4"
"Presidente da Câmara dos Deputados;São Paulo (Congonhas);24/01/2021 - 07:45;Rio de Janeiro (Santos Dumont);24/01/2021 - 08:30;Segurança/Serviço;4"
"Presidente da Câmara dos Deputados;Rio de Janeiro (Santos Dumont);24/01/2021 - 12:45;Brasília;24/01/2021 - 14:15;Serviço;4"
"Ministro da Educação;Brasília;24/01/2021 - 10:15;São Paulo (Congonhas);24/01/2021 - 11:45;Serviço;7"
"Presidente da Câmara dos Deputados;Brasília;25/01/2021 - 19:25;Rio de Janeiro (Santos Dumont);25/01/2021 - 21:00;Serviço/Segurança;3"
"Presidente da Câmara dos Deputados;Rio de Janeiro (Santos Dumont);26/01/2021 - 11:50;Brasília;26/01/2021 13:25;Serviço;5"
"Ministro das Minas e Energia;Brasília;27/01/2021 - 18:20;Foz Do Iguaçu;27/01/2021 - 20:20;Serviço;14"
"Ministro da Ciência,  Tecnologia e Inovação;Brasília;27/01/2021 - 08:10;São Paulo (Congonhas);27/01/2021 - 09:45;Serviço;5"
"Ministro do Meio Ambiente;São Paulo (Congonhas);27/01/2021 - 07:10;Altamira;27/01/2021 - 10:20;Serviço;10"
"Ministro do Meio Ambiente;Altamira;27/01/2021 - 16:15;Brasília;27/01/2021 - 18:30;Serviço;10"
"Ministro das Minas e Energia;Foz Do Iguaçu;28/01/2021 - 17:00;Brasília;28/01/2021 - 18:55;Serviço;14"
"Ministro da Saúde;Manaus (Eduardo Gomes);29/01/2021 - 16:15;Brasília;29/01/2021 - 20:10;Serviço;12"
"Comandante da Marinha;Brasília;29/01/2021 - 14:05;Rio de Janeiro (Santos Dumont);29/01/2021 - 15:45;Serviço;16"
"Presidente do Supremo Tribunal Federal;Rio de Janeiro (Santos Dumont);31/01/2021 - 18:55;Brasília;31/01/2021 - 20:20;Serviço/Segurança;4"
"Ministro da Educação;Brasília;31/01/2021 - 08:55;Palmas;31/01/2021 - 10:05;Serviço;6"
"Ministro da Educação;Palmas;31/01/2021 - 14:25;Belo Horizonte (Pampulha);31/01/2021 - 16:25;Serviço;6"
"Ministro da Educação;Belo Horizonte (Pampulha);31/01/2021 - 18:35;Brasília;31/01/2021 - 19:40;Serviço;6"
"Ministro da Ciência,  Tecnologia e Inovação;São Paulo (Congonhas);01/02/2021 - 14:15;Brasília;01/02/2021 - 15:45;Serviço;5;"
"Ministro da Infraestrutura;Brasília;02/02/2021 - 09:35;Uberlândia;02/02/2021 - 10:15:00;Serviço;20;"
"Ministro da Infraestrutura;Uberlândia;02/02/2021 - 15:10;Brasília;02/02/2021 - 15:55:00;Serviço;20;"
"Ministro da Cidadania;Brasília;03/02/2021 - 06:10;Porto Alegre;03/02/2021 - 08:40;Serviço;8;"
"Ministro da Cidadania;Porto Alegre;03/02/2021 - 20:35;Brasília;03/02/2021 - 23:05;Serviço;8;"
"Presidente do Supremo Tribunal Federal;Brasília;04/02/2021 - 18:50;Rio de Janeiro (Santos Dumont);04/02/2021 - 20:30;Segurança/Serviço;7;"
"Ministro da Defesa;Brasília;30/01/2021 - 08:20;Boa Vista;30/01/2021 - 10:35;Serviço;11;"
"Ministro da Defesa;Boa Vista;30/01/2021 - 11:20;San Juan (Porto Rico);30/01/2021 - 14:25;Serviço;11;"
"Ministro da Defesa;San Juan (Porto Rico);30/01/2021 - 16:10;Alexandria (EUA);30/01/2021 - 19:00;Serviço;11;"
"Ministro da Defesa;Alexandria (EUA);03/02/2021 - 15:40;San Juan (Porto Rico);03/02/2021 - 21:20;Serviço;11;"
"Ministro da Defesa;San Juan (Porto Rico);03/02/2021 - 23:00;Boa Vista;04/02/2021 - 01:50;Serviço;11;"
"Ministro da Defesa;Boa Vista;04/02/2021 - 02:35;Brasília;04/02/2021 - 07:10;Serviço;11;"
"Ministro do Turismo;Brasília;04/02/2021 - 05:45;Maceió;04/02/2021 - 08:00;Serviço;12;"
"Presidente do Congresso Nacional;Brasília;05/02/2021 - 07:45;Belo Horizonte (Pampulha);05/02/2021 - 08:50;Segurança/Serviço;12;"
"Ministro da Saúde;Brasília;05/02/2021 - 10:30;Rio de Janeiro (Galeão);05/02/2021 - 11:55;Serviço;11;"
"Ministro da Ciência,  Tecnologia e Inovação;Brasília;05/02/2021 - 11:15;São Luís;05/02/2021 - 13:25;Serviço;25;"
"Ministro da Ciência,  Tecnologia e Inovação;São Luís;05/02/2021 - 19:15;Brasília;05/02/2021 - 21:45;Serviço;25;"
"Presidente da Câmara dos Deputados;Brasília;06/02/2021 - 09:10;Maceió;06/02/2021 - 11:20;Segurança/Serviço;7;"
"Ministro das Relações Exteriores;Brasília;06/02/2021 - 16:00;Rio de Janeiro (Galeão);06/02/2021 - 17:20;Serviço;3;"
"Ministro das Relações Exteriores;Rio de Janeiro (Galeão);06/02/2021 - 22:00;Brasília;06/02/2021 - 23:40;Serviço;6;"
"Ministro da Saúde;Rio de Janeiro (Santos Dumont);07/02/2021 - 17:15;Brasília;07/02/2021 - 19:00;Serviço;11;"
"Presidente do Congresso Nacional;Belo Horizonte (Confins);08/02/2021 - 07:35;Brasília;08/02/2021 - 08:45;Segurança;12;"
"Presidente da Câmara dos Deputados;Maceió;08/02/2021 - 12:20;Brasília;08/02/2021 - 14:40;Serviço;7; "
"Presidente do Supremo Tribunal Federal;Rio de Janeiro (Santos Dumont);08/02/2021 - 17:00;Brasília;08/02/2021 - 18:30;Serviço;5;AERONAVE COMPARTILHADA COM O COMANDANTE DA MARINHA DO BRASIL"
"Advogado-Geral da União;Brasília;08/02/2021 - 09:50;São Paulo (Congonhas);08/02/2021 - 11:10;Serviço;5; "
"Advogado-Geral da União;São Paulo (Congonhas);08/02/2021 - 15:40;Brasília;08/02/2021 - 17:10;Serviço;5; "
"Comandante da Marinha;Rio de Janeiro (Santos Dumont);08/02/2021 - 17:00;Brasília;08/02/2021 - 18:30;Serviço;6;AERONAVE COMPARTILHADA COM O PRESIDENTE DO SUPREMO TRIBUNAL FEDERAL"
"Ministro do Meio Ambiente;Guarulhos;08/02/2021 - 23:50;Brasília;09/02/2021 - 01:10;Serviço;4;"
"Ministro da Infraestrutura;Brasília;11/02/2021 - 07:45;Congonhas;11/02/2021 - 09:45;Serviço;20;"
"Ministro da Infraestrutura;Congonhas;11/02/2021 - 11:20;Campos;11/02/2021 - 12:45;Serviço;20;"
"Ministro da Infraestrutura;Campos;11/02/2021 - 17:50;Brasília;11/02/2021 - 20:20;Serviço;20;"
"Ministro da Cidadania;Brasília;11/02/2021 - 05:30;Pelotas;11/02/2021 - 08:15;Serviço;10;"
"Ministro da Cidadania;Pelotas;11/02/2021 - 08:30;Bagé;11/02/2021 - 09:15;Serviço;10;"
"Ministro da Cidadania;Bagé;11/02/2021 - 11:55;Pelotas;11/02/2021 - 12:35;Serviço;10;"
"Ministro da Cidadania;Pelotas;11/02/2021 - 12:45;Canoas;11/02/2021 - 13:15;Serviço;10;"
"Ministro da Cidadania;Canoas;11/02/2021 - 19:20;Brasília;11/02/2021 - 21:50;Serviço;10;"
"Presidente do Supremo Tribunal Federal;Brasília;12/02/2021 - 11:55;Rio de Janeiro (Santos Dumont);12/02/2021 - 13:20;Segurança/Segurança;4;"
"Ministro da Justiça e Segurança Pública;Brasília;11/02/2021 - 06:15;Fortaleza;11/02/2021 - 08:35;Serviço;14;"
"Ministro da Justiça e Segurança Pública;Fortaleza;12/02/2021 - 07:00;Natal;12/02/2021 - 07:50;Serviço;14;"
"Ministro da Justiça e Segurança Pública;Natal;12/02/2021 - 21:15;Brasília;13/02/2021 - 00:05;Serviço;14;"
"Ministro da Infraestrutura;Brasília;12/02/2021 - 07:25;Paulo Afonso;12/02/2021 - 09:15;Serviço;14;"
"Ministro da Infraestrutura;Paulo Afonso;12/02/2021 - 15:45;Brasília;12/02/2021 - 17:45;Serviço;14;"
"Presidente do Congresso Nacional;Brasília;13/02/2021 - 11:05;Belo Horizonte (Pampulha);13/02/2021 - 12:05;Segurança/Segurança;12;"
"Presidente da Câmara dos Deputados;Brasília;13/02/2021 - 08:00;Maceió;13/02/2021 - 10:05;Segurança/Segurança;5;"
"Ministro das Comunicações;Brasília;02/02/2021 - 14:40;São Gonçalo do Amarante;02/02/2021 - 17:10;Serviço;8;"
"Ministro das Comunicações;São Gonçalo do Amarante;02/02/2021 - 18:30;Praia (Cabo Verde);03/02/2021 - 00:10;Serviço;8;"
"Ministro das Comunicações;Praia (Cabo Verde);03/02/2021 - 01:10;Valência (Espanha);03/02/2021 - 07:35;Serviço;8;"
"Ministro das Comunicações;Valência (Espanha);03/02/2021 - 08:55;Estocolmo (Suécia);03/02/2021 - 12:20;Serviço;8;"
"Ministro das Comunicações;Estocolmo (Suécia);04/02/2021 - 19:15;Helsinque (Finlândia);04/02/2021 - 21:00;Serviço;10;"
"Ministro das Comunicações;Helsinque (Finlândia);07/02/2021 - 18:00;Astana (Cazaquistão);08/02/2021 - 02:10;Serviço;10;"
"Ministro das Comunicações;Astana (Cazaquistão);08/02/2021 - 03:25;Seul (Coreia do Sul);08/02/2021 - 12:55;Serviço;10;"
"Ministro das Comunicações;Seul (Coreia do Sul);08/02/2021 - 13:50;Tóqio (Japão);08/02/2021 - 15:25;Serviço;10;"
"Ministro das Comunicações;Tóqio (Japão);09/02/2021 - 14:55;Guangzhou (China);09/02/2021 - 21:10;Serviço;10;"
"Ministro das Comunicações;Guangzhou (China);09/02/2021 - 22:45;Shenzhen (China);09/02/2021 - 23:20;Serviço;10;"
"Ministro das Comunicações;Shenzhen (China);10/02/2021 - 20:55;Calcutá (Índia);11/02/2021 - 00:15;Serviço;10;"
"Ministro das Comunicações;Calcutá (Índia);11/02/2021 - 01:35;Abu Dhabi (Emirados Árabes Unidos);11/02/2021 - 06:30;Serviço;10;"
"Ministro das Comunicações;Abu Dhabi (Emirados Árabes Unidos);12/02/2021 - 05:05;Atenas (Grécia);12/02/2021 - 08:50;Serviço;10;"
"Ministro das Comunicações;Atenas (Grécia);12/02/2021 - 09:50;Argel (Argélia);12/02/2021 - 12:00;Serviço;10;"
"Ministro das Comunicações;Argel (Argélia);13/02/2021 - 03:25;Praia (Cabo Verde);13/02/2021 - 07:05;Serviço;10;"
"Ministro das Comunicações;Praia (Cabo Verde);13/02/2021 - 07:50;Salvador;13/02/2021 - 11:10;Serviço;10;"
"Ministro das Comunicações;Salvador;13/02/2021 - 11:35;Catarina;13/02/2021 - 14:05;Serviço;10;"
"Ministro da Educação;Brasília;15/02/2021 - 09:25;Bauru;15/02/2021 - 10:35;Serviço;6;"
"Ministro da Educação;Bauru;15/02/2021 - 19:00;Brasília;15/02/2021 - 20:10;Serviço;6;"
"Presidente do Supremo Tribunal Federal;Rio de Janeiro (Santos Dumont);16/02/2021 - 16:25;Brasília;16/02/2021 - 17:55;Segurança/Serviço;5;"
"Presidente do Congresso Nacional;Belo Horizonte (Pampulha);17/02/2021 - 11:05;Brasília;17/02/2021 - 12:20;Segurança/Serviço;12;"
"Presidente da Câmara dos Deputados;Maceió;17/02/2021 - 09:05;Brasília;17/02/2021 - 11:30;Serviço;5;"
"Ministro da Saúde;Brasília;18/02/2021 - 09:40;Santarém;18/02/2021 - 12:05;Serviço;11;"
"Ministro da Saúde;Santarém;18/02/2021 - 17:35;Brasília;18/02/2021 - 20:05;Serviço;11;"
"Ministro da Justiça e Segurança Pública;Brasília;18/02/2021 - 06:05;Curitiba;18/02/2021 - 07:50;Serviço;18; "
"Presidente do Supremo Tribunal Federal;Brasília;19/02/2021 - 15:10;Rio de Janeiro (Santos Dumont);19/02/2021 - 16:40;Segurança/Serviço;5;"
"Ministro da Justiça e Segurança Pública;Curitiba;19/02/2021 - 07:00;Vitória;19/02/2021 - 08:35;Serviço;18;"
"Ministro da Justiça e Segurança Pública;Vitória;19/02/2021 - 19:00;Brasília;19/02/2021 - 20:35;Serviço;18;"
"Comandante do Exército;Brasília;19/02/2021 - 15:15;Campinas;19/02/2021 - 16:35;Serviço;20;"
"Comandante do Exército;Campinas;20/02/2021 - 13:00;Brasília;20/02/2021 - 14:30;Serviço;20;"
"Presidente do Supremo Tribunal Federal;Rio de Janeiro (Santos Dumont);22/02/2021 - 16:45;Brasília;22/02/2021 - 18:15:00;Segurança/Serviço;4; "
"Ministro da Educação;Guarulhos;22/02/2021 - 23:40;Brasília;23/02/2021 - 01:00:00;Serviço;6;"
"Ministro do Desenvolvimento Regional;São Paulo (Congonhas);22/02/2021 - 19:00;Natal;22/02/2021 - 22:10:00;Segurança;1;"
"Ministro do Desenvolvimento Regional;Natal;23/02/2021 - 17:45;Brasília;23/02/2021 - 20:30:00;Segurança;1;"
"Ministro das Minas e Energia;Brasília;24/02/2021 - 10:10;Foz Do Iguaçu;24/02/2021 - 12:10;Serviço;20;"
"Presidente da Câmara dos Deputados;Brasília;25/02/2021 - 18:10;São Paulo (Congonhas);25/02/2021 - 19:35;Serviço;7;"
"Ministro da Defesa;Brasília;25/02/2021 - 14:40;Rio de Janeiro (Santos Dumont);25/02/2021 - 16:10;Serviço;14;"
"Ministro do Desenvolvimento Regional;Brasília;25/02/2021 - 08:20;Belo Horizonte (Pampulha);25/02/2021 - 09:20;Serviço;7;"
"Presidente do Congresso Nacional;Brasília;26/02/2021 - 18:30;Belo Horizonte (Pampulha);26/02/2021 - 19:30;Segurança/Serviço;12;"
"Presidente do Congresso Nacional;Belo Horizonte (Pampulha);28/02/2021 - 16:40;Brasília;28/02/2021 - 17:50;Segurança/Serviço;12;"
"Presidente da Câmara dos Deputados;Brasília;26/02/2021 - 18:30;São Paulo (Congonhas);26/02/2021 - 19:50;Serviço;3;"
"Presidente da Câmara dos Deputados;São Paulo (Congonhas);27/02/2021 - 09:15;Brasília;27/02/2021 - 10:35;Serviço;3;"
"Presidente do Supremo Tribunal Federal;Brasília;26/02/2021 - 14:25;Rio de Janeiro (Santos Dumont);26/02/2021 - 15:55;Segurança/Serviço;5;"
"Ministro da Defesa;Rio de Janeiro (Santos Dumont);27/02/2021 - 08:10;Brasília;27/02/2021 - 09:55;Serviço;14;"
"Ministro da Saúde;Brasília;26/02/2021 - 08:35;Campinas;26/02/2021 - 09:55;Serviço;14;"
"Ministro das Minas e Energia;Foz Do Iguaçu;26/02/2021 - 12:30;Brasília;26/02/2021 - 14:25;Serviço;24;"
"Ministro do Turismo;Brasília;28/02/2021 - 15:25;Rio de Janeiro (Santos Dumont);28/02/2021 - 17:00;Serviço;14;"
"Ministro do Desenvolvimento Regional;Belo Horizonte (Pampulha);26/02/2021 - 20:15;Brasília;26/02/2021 - 21:35;Serviço;2;"
"Presidente do Congresso Nacional;Brasília;01/03/2021 - 08:00;São Paulo (Congonhas);01/03/2021 - 09:20;Segurança/Serviço;12"
"Presidente do Supremo Tribunal Federal;Rio de Janeiro (Santos Dumont);01/03/2021 - 16:15;Brasília;01/03/2021 - 17:50;Segurança/Serviço;5"
"Ministro das Comunicações;São Paulo (Congonhas);01/03/2021 - 15:25;Brasília;01/03/2021 - 16:55;Serviço;2"
"Ministro do Turismo;Rio de Janeiro (Santos Dumont);01/03/2021 - 16:35;Brasília;01/03/2021 - 18:15;Serviço;14"
"Presidente do Congresso Nacional;São Paulo (Congonhas);02/03/2021 - 12:15;Brasília;02/03/2021 - 13:40;Segurança;12"
"Presidente do Supremo Tribunal Federal;Brasília;04/03/2021 - 18:45;Rio de Janeiro (Santos Dumont);04/03/2021 - 20:20;Serviço/Segurança;5"
"Ministro da Defesa;Brasília;04/03/2021 - 16:10;Rio de Janeiro (Santos Dumont);04/03/2021 - 17:40;Serviço;14"
"Ministro da Saúde;Brasília;04/03/2021 - 12:20;Cascavel;04/03/2021 - 14:10;Serviço;12"
"Presidente da Câmara dos Deputados;Brasília;05/03/2021 - 08:45;Maceió;05/03/2021 - 10:55;Segurança/Serviço;11"
"Ministro da Saúde;Cascavel;05/03/2021 - 12:15;Chapecó;05/03/2021 - 12:45;Serviço;12"
"Ministro da Saúde;Chapecó;05/03/2021 - 17:10;Rio de Janeiro (Santos Dumont);05/03/2021 - 18:50;Serviço;12"
"Ministro do Meio Ambiente;Brasília;05/03/2021 - 11:25;São Paulo (Congonhas);05/03/2021 - 13:00;Serviço;3"
"Ministro do Meio Ambiente;São Paulo (Congonhas);05/03/2021 - 18:00;Brasília;05/03/2021 - 19:35;Serviço;3"
"Presidente do Congresso Nacional;Brasília;06/03/2021 - 10:05;Belo Horizonte (Pampulha);06/03/2021 - 11:05;Segurança/Serviço;12"
"Ministro da Defesa;Rio de Janeiro (Santos Dumont);06/03/2021 - 08:10;Brasília;06/03/2021 - 09:40;Serviço;14"
"Presidente do Congresso Nacional;Belo Horizonte (Pampulha);07/03/2021 - 21:05;Brasília;07/03/2021 - 22:15;Segurança/Serviço;12"
"Presidente da Câmara dos Deputados;Maceió;08/03/2021 - 11:40;Brasília;08/03/2021 - 13:55;Serviço;11"
"Ministro da Educação;Brasília;08/03/2021 - 08:20;Dourados;08/03/2021 - 09:00;Serviço;10"
"Ministro da Educação;Dourados;08/03/2021 - 11:15;Campo Grande;08/03/2021 - 11:50;Serviço;12"
"Ministro da Educação;Campo Grande;08/03/2021 - 18:25;Brasília;08/03/2021 - 20:55;Serviço;13"
"Ministro da Saúde;Rio de Janeiro (Santos Dumont);08/03/2021 - 17:30;Brasília;08/03/2021 - 19:05;Serviço;12"
"Comandante da Aeronáutica;Brasília;08/03/2021 - 07:40;São José Dos Campos;08/03/2021 - 08:55;Serviço;8"
"Comandante da Aeronáutica;São José Dos Campos;08/03/2021 - 14:10;São Paulo (Congonhas);08/03/2021 - 14:35;Serviço;10"
"Comandante da Aeronáutica;São Paulo (Congonhas);08/03/2021 - 17:00;Brasília;08/03/2021 - 18:30;Serviço;12"
"Presidente do Supremo Tribunal Federal;Rio de Janeiro (Santos Dumont);09/03/2021 - 19:00;Brasília;09/03/2021 - 20:45;Serviço/Segurança;4"
"Ministro das Relações Exteriores;Brasília;06/03/2021 - 11:50;Fortaleza;06/03/2021 - 14:10;Serviço;10"
"Ministro das Relações Exteriores;Fortaleza;06/03/2021 - 15:15;Praia;06/03/2021 - 20:55;Serviço;10"
"Ministro das Relações Exteriores;Praia;06/03/2021 - 22:15;Valencia;07/03/2021 - 04:45;Serviço;10"
"Ministro das Relações Exteriores;Valencia;07/03/2021 - 06:05;Tel Aviv;07/03/2021 - 11:05;Serviço;10"
"Ministro das Relações Exteriores;Tel Aviv;09/03/2021 - 17:00;Algiers;09/03/2021 - 21:15;Serviço;10"
"Ministro das Relações Exteriores;Algiers;10/03/2021 - 09:50;Ilha do Sal;10/03/2021 - 12:30;Serviço;10"
"Ministro das Relações Exteriores;Ilha do Sal;10/03/2021 - 13:30;Fortaleza;10/03/2021 - 15:40;Serviço;10"
"Ministro das Relações Exteriores;Fortaleza;10/03/2021 - 16:15;Brasília;10/03/2021 - 18:45;Serviço;10"
"Ministro da Educação;Brasília;10/03/2021 - 08:25;Palmas;10/03/2021 - 09:30;Serviço;6"
"Ministro da Educação;Palmas;10/03/2021 - 14:20;Brasília;10/03/2021 - 15:20;Serviço;7"
"Presidente do Supremo Tribunal Federal;Brasília;11/03/2021 - 19:25;Rio de Janeiro (Santos Dumont);11/03/2021 - 20:50;Segurança/Serviço;5"
"Comandante da Marinha;Brasília;11/03/2021 - 10:40;Rio de Janeiro (Santos Dumont);11/03/2021 - 12:05;Serviço;6"
"Presidente do Congresso Nacional;Brasília;12/03/2021 - 16:35;Belo Horizonte (Pampulha);12/03/2021 - 17:30;Segurança/Serviço;12"
"Comandante da Aeronáutica;Brasília;12/03/2021 - 08:30;Rio de Janeiro (Santos Dumont);12/03/2021 - 10:00;Serviço;13"
"Comandante da Aeronáutica;Rio de Janeiro (Santos Dumont);12/03/2021 - 12:25;Brasília;12/03/2021 - 13:30;Serviço;13"
"Presidente do Congresso Nacional;Belo Horizonte (Pampulha);14/03/2021 - 19:55;Brasília;07/03/2021 - 21:00;Segurança/Serviço;12"
"Comandante da Marinha;Rio de Janeiro (Santos Dumont);16/03/2021 - 09:45;Brasília;16/03/2021  - 11:20;Serviço;6"
"Comandante da Marinha;Brasília;16/03/2021 - 16:55;Rio de Janeiro (Santos Dumont);16/03/2021 - 18:30;Serviço;15"
"Ministério da Saúde;Brasília;16/03/2021 - 19:20;Rio de Janeiro (Santos Dumont);16/03/2021 - 21:00;Serviço;12"
"Ministro da Defesa;Brasília;17/03/2021 - 15:30;Rio de Janeiro (Santos Dumont);17/03/2021 - 17:00;Serviço ;14"
"Ministro da Saúde;Rio de Janeiro (Santos Dumont);18/03/2021 - 09:25;Brasília;18/03/2021 - 11:00;Serviço ;12"
"Comandante da Aeronáutica;Brasília;18/03/2021 - 06:00;Rio de Janeiro (Santos Dumont);18/03/2021 - 07:30;Serviço ;5"
"Comandante da Aeronáutica;Rio de Janeiro (Santos Dumont);18/03/2021 - 17:15;Brasília;18/03/2021 - 18:45;Serviço ;5"
"Presidente da Câmara dos Deputados;Brasília;19/03/2021 - 15:20;Maceió;19/03/2021 - 17:25;Serviço ;11"
"Ministro da Defesa;Rio de Janeiro (Santos Dumont);19/03/2021 - 12:00;Brasília;19/03/2021 - 13:30;Serviço ;14"
"Ministro das Comunicações;Brasília;19/03/2021 - 09:50;São José Dos Campos;19/03/2021 - 11:15;Serviço ;18"
"Ministro do Desenvolvimento Regional;Brasília;19/03/2021 - 08:20;Rio de Janeiro (Santos Dumont);19/03/2021 - 10:05;Serviço ;8"
"Ministro do Desenvolvimento Regional;Rio de Janeiro (Santos Dumont);19/03/2021 - 15:50;Brasília;19/03/2021 - 17:15;Serviço ;8"
"Presidente do Congresso Nacional;Brasília;21/03/2021 - 11:05;São Paulo (Congonhas);21/03/2021 - 12:40;Serviço/Segurança ;5"
"Presidente da Câmara dos Deputados;Maceió;21/03/2021 - 20:45;Brasília;21/03/2021 - 22:55;Serviço ;11"
"Ministro da Saúde;Brasília;21/03/2021 - 15:30;São Paulo (Guarulhos);21/03/2021 - 17:00;Serviço ;12"
"Ministro da Saúde;São Paulo (Guarulhos);21/03/2021 - 19:50;Brasília;21/03/2021 - 21:10;Serviço ;12"
"Presidente da Câmara dos Deputados;Brasília;22/03/2021 - 14:55;São Paulo (Congonhas);22/03/2021 - 16:15;Serviço ;4"
"Presidente  do Supremo Tribunal Federal;Rio de Janeiro (Santos Dumont);22/03/2021 - 16:35;Brasília;22/03/2021 - 18:05;Serviço/Segurança ;4"
"Presidente da Câmara dos Deputados/Presidente do Congresso Nacional;São Paulo (Congonhas);23/03/2021 - 10:55;Brasília;23/03/2021 - 12:20;Serviço Segurança ;23"
"Ministro do Desenvolvimento Regional;Brasília;23/03/2021 - 13:35;Aracaju;23/03/2021 - 15:25;Serviço ;8"
"Ministro do Desenvolvimento Regional;Aracaju;24/03/2021 - 07:10;São Luís;24/03/2021 - 09:20;Serviço ;8"
"Ministro do Desenvolvimento Regional;São Luís;24/03/2021 - 09:40;Santa Inês;24/03/2021 - 10:10;Serviço ;8"
"Ministro do Desenvolvimento Regional;Santa Inês;24/03/2021 - 13:35;São Luís;24/03/2021 - 14:05;Serviço ;8"
"Ministro do Desenvolvimento Regional;São Luís;24/03/2021 - 14:30;Natal;24/03/2021 - 16:10;Serviço ;8"
"Ministro do Estado-Maior Conjunto das Forças Armadas;Brasília;24/03/2021 - 08:00;Dourados;24/03/2021 - 08:30;Serviço ;14"
"Ministro do Estado-Maior Conjunto das Forças Armadas;Dourados;24/03/2021 - 13:00;Ponta Porã;24/03/2021 - 13:25;Serviço ;14"
"Presidente  do Supremo Tribunal Federal;Brasília;25/03/2021 - 19:30;Rio de Janeiro (Santos Dumont);25/03/2021 - 21:00;Serviço/Segurança ;4"
"Ministro da Saúde;Brasília;25/03/2021 - 08:05;São Paulo (Congonhas);25/03/2021 - 09:25;Serviço ;12"
"Ministro da Saúde;São Paulo (Congonhas);25/03/2021 - 13:45;Rio de Janeiro (Santos Dumont);25/03/2021 - 14:30;Serviço ;12"
"Ministro da Saúde;Rio de Janeiro (Santos Dumont);25/03/2021 - 18:20;Brasília;25/03/2021 - 19:55;Serviço ;12"
"Ministro das Minas e Energia;Brasília;25/03/2021 - 18:15;Foz Do Iguaçu;25/03/2021 - 20:15;Serviço ;14"
"Ministro do Turismo;Brasília;25/03/2021 - 10:50;São Paulo (Congonhas);25/03/2021 - 12:10;Serviço ;12"
"Ministro do Turismo;São Paulo (Congonhas);25/03/2021 - 16:30;Brasília;25/03/2021 - 18:00;Serviço ;12"
"Comandante da Aeronáutica;Brasília;25/03/2021 - 08:00;Guaratinguetá;25/03/2021 - 09:25;Serviço ;12"
"Comandante da Aeronáutica;Guaratinguetá;25/03/2021 - 12:25;Brasília;25/03/2021 - 13:45;Serviço ;11"
"Ministro do Estado-Maior Conjunto das Forças Armadas;Ponta Porã;25/03/2021 - 13:25;Brasília;25/03/2021 - 16:05;Serviço ;14"
"Ministro das Minas e Energia;Foz Do Iguaçu;26/03/2021 - 13:25;Brasília;26/03/2021 - 15:20;;14"
"Presidente do Congresso Nacional;Brasília;26/03/2021 - 18:15;Belo Horizonte (Pampulha);26/03/2021 - 19:15;;9"
"Presidente do Congresso Nacional;Belo Horizonte (Pampulha);28/03/2021 - 19:15;Brasília;28/03/2021 - 20:25;;7"
"Ministro do Turismo;Brasília;29/03/2021 - 08:10;Fortaleza;29/03/2021 - 10:40;Serviço ;16"
"Ministro do Turismo;Fortaleza;29/03/2021 - 15:45;Brasília;29/03/2021 - 18:20;Serviço ;16"
"Comandante da Marinha;Brasília;30/03/2021 - 16:20;Rio de Janeiro (Santos Dumont);30/03/2021 - 17:45;Serviço ;6"
"Ministro do meio Ambiente;Brasília;31/03/2021 - 07:25;Santarém;31/03/2021 - 09:45;Serviço ;9"
"Ministro do meio Ambiente;Santarém;31/03/2021 - 16:10;Brasília;31/03/2021 - 18:35;Serviço ;9"
"Presidente do Congresso Nacional;Brasília;01/04/2021 - 15:15;Belo Horizonte (Pampulha);01/04/2021 - 16:20;Serviço/Segurança ;7;;;;;;;OK. 5 PAXS"
"Presidente da Câmara dos Deputados;Brasília;01/04/2021 - 11:35;Maceió;01/04/2021 - 13:40;Serviço/Segurança ;6;;;;;;;OK. 5 PAXS"
"Ministro da Infraestrutura;Brasília;01/04/2021 - 09:45;Cascavel;01/04/2021 - 11:55;Serviço ;20;;;;;;;OK. 14 PAXS"
"Ministro da Infraestrutura;Cascavel;01/04/2021 - 14:55;Curitiba;01/04/2021 - 15:40;Serviço ;20;;;;;;;OK. 14 PAXS"
"Ministro da Infraestrutura;Curitiba;01/04/2021 - 20:35;Brasília;01/04/2021 - 22:15;Serviço ;20;;;;;;;OK. 14 PAXS"
"Presidente do Congresso Nacional;Belo Horizonte (Pampulha);04/04/2021 - 21:05;Brasília;04/04/2021 - 22:15;Serviço/Segurança ;9;;;;;;;OK. 9 PAXS"
"Presidente da Câmara dos Deputados;Maceió;04/04/2021 - 20:25;Brasília;04/04/2021 - 22:45;Serviço/Segurança ;7;;;;;;;OK. 8 PAXS"
"Presidente  do Supremo Tribunal Federal;Rio de Janeiro (Santos Dumont);05/04/2021 - 10:40;Brasília;05/04/2021 - 12:10;Serviço/Segurança ;5;;;;;;;OK. 5 PAXS"
"Ministro das Minas e Energia;Brasília;06/04/2021 - 18:40;Foz Do Iguaçu;06/04/2021 - 20:45;Serviço ;36;;;;;;;OK. 11 PAXS"
"Ministro da Economia;Brasília;07/04/2021 - 16:05;São Paulo (Congonhas);07/04/2021 - 17:35;Serviço ;11;;;;;;;OK. 6 PAXS"
"Ministro da Economia;São Paulo (Congonhas);07/04/2021 - 22:25;Brasília;07/04/2021 - 23:50;Serviço ;11;;;;;;;OK. 5 PAXS"
"Ministro da Infraestrutura;Brasília;07/04/2021 - 07:50;São Paulo (Congonhas);07/04/2021 - 09:10;Serviço ;20;ANV COMPARTILHADA COM MTU;;;;;;OK. 19 PAXS"
"Ministro do Turismo;Brasília;07/04/2021 - 07:50;São Paulo (Congonhas);07/04/2021 - 09:10;Serviço ;20;ANV COMPARTILHADA COM MINF;;;;;;OK. 19 PAXS"
"Ministro das Minas e Energia;Foz Do Iguaçu;07/04/2021 - 17:20;Brasília;07/04/2021 - 19:15;Serviço ;36;;;;;;;OK. 16 PAXS"
"Ministro do meio Ambiente;Brasília;07/04/2021 - 07:25;Santarém;07/04/2021 - 09:50;Serviço ;12;;;;;;;OK. 11 PAXS"
"Ministro do meio Ambiente;Santarém;07/04/2021 - 13:30;Brasília;07/04/2021 - 15:55;Serviço ;12;;;;;;;OK. 10 PAXS"
"Ministro do meio Ambiente;Brasília;07/04/2021 - 16:55;São Paulo (Congonhas);07/04/2021 - 18:25;Serviço ;2;;;;;;;OK. 2 PAXS"
"Ministro do Turismo;São Paulo (Congonhas);07/04/2021 - 15:00;Brasília;07/04/2021 - 16:25;Serviço ;7;;;;;;;OK. 7 PAXS"
"Ministro da Saúde;Brasília;08/04/2021 - 08:20;Porto Alegre;08/04/2021 - 10:50;Serviço ;12;;;;;;;OK. 9 PAXS"
"Ministro da Saúde;Porto Alegre;08/04/2021 - 18:20;Rio de Janeiro (Santos Dumont);08/04/2021 - 20:00;Serviço ;12;;;;;;;OK. 9 PAXS"
"Presidente da Câmara dos Deputados;Brasília;09/04/2021 - 09:15;Maceió;09/04/2021 - 11:30;Serviço ;6;;;;;;;OK. 6 PAXS"
"Presidente da Câmara dos Deputados;Maceió;09/04/2021 - 20:25;Brasília;09/04/2021 - 22:45;Serviço ;3;;;;;;;OK. 5 PAXS"
"Presidente  do Supremo Tribunal Federal;Brasília;09/04/2021 - 13:05;Rio de Janeiro (Santos Dumont);09/04/2021 - 14:35;Serviço/Segurança ;7;;;;;;;OK. 7 PAXS"
"Ministro da Infraestrutura;São Paulo (Congonhas);09/04/2021 - 20:30;Brasília;09/04/2021 - 21:55;Serviço ;20;;;;;;;OK. 19 PAXS"
"Ministro da Cidadania;Brasília;09/04/2021 - 08:10;Porto Seguro;09/04/2021 - 09:35;Serviço ;20;ANV COMPARTILHADA COM MTU;;;;;;OK. 19 PAXS"
"Ministro do Turismo;Brasília;09/04/2021 - 08:10;Porto Seguro;09/04/2021 - 09:35;Serviço ;20;ANV COMPARTILHADA COM MCID;;;;;;OK. 19 PAXS"
"Ministro da Cidadania;Porto Seguro;09/04/2021 - 13:55;Salvador;09/04/2021 - 14:40;Serviço ;20;ANV COMPARTILHADA COM MTU;;;;;;OK. 23 PAXS"
"Ministro do Turismo;Porto Seguro;09/04/2021 - 13:55;Salvador;09/04/2021 - 14:40;Serviço ;20;ANV COMPARTILHADA COM MCID;;;;;;OK. 23 PAXS"
"Ministro da Saúde;Rio de Janeiro (Santos Dumont);09/04/2021 - 18:20;Brasília;09/04/2021 - 19:50;Serviço ;12;;;;;;;OK. 11 PAXS"
"Ministro do Turismo;Feira De Santana;10/04/2021 - 14:15;Brasília;10/04/2021 - 15:55;Serviço ;20;;;;;;;OK. 15 PAXS"
"Presidente do Congresso Nacional;Brasília;11/04/2021 - 10:30;São Paulo (Congonhas);11/04/2021 - 12:00;Serviço/Segurança ;4;;;;;;;OK. 4 PAXS"
"Presidente  do Supremo Tribunal Federal;Rio de Janeiro (Santos Dumont);12/04/2021 - 17:05;Brasília;12/04/2021 - 18:40;Serviço/Segurança ;7;;;;;;;OK. 6 PAXS"
"Presidente do Congresso Nacional;São Paulo (Congonhas);13/04/2021 - 10:45;Brasília;13/04/2021 - 12:10;Serviço/Segurança ;4;;;;;;;OK. 8 PAXS"
"Comandante do Exército;Brasília;13/04/2021 - 15:20;Rio de Janeiro (Santos Dumont);13/04/2021 - 16:50;Serviço ;14;;;;;;;OK. 8 PAXS"
"Ministro da Defesa;Brasília;14/04/2021 - 15:00;São Paulo (Congonhas);14/04/2021 - 16:20;Serviço ;14;;;;;;;OK. 8 PAXS"
"Comandante do Exército;Rio de Janeiro (Santos Dumont);14/04/2021 - 13:15;São Paulo (Congonhas);14/04/2021 - 14:05;Serviço ;14;;;;;;;OK. 11 PAXS"
"Presidente da Câmara dos Deputados;Brasília;15/04/2021 - 17:35;São Paulo (Congonhas);15/04/2021 - 19:00;Serviço ;3;;;;;;;OK. 8 PAXS"
"Presidente  do Supremo Tribunal Federal;Brasília;15/04/2021 - 20:00;Rio de Janeiro (Santos Dumont);15/04/2021 - 21:30;Serviço/Segurança ;4;;;;;;;OK. 4 PAXS"
"Ministro do Turismo;Brasília;15/04/2021 - 07:45;Palmas;15/04/2021 - 08:50;Serviço ;12;;;;;;;OK. 8 PAXS"
"Ministro do Turismo;Palmas;15/04/2021 - 16:45;Brasília;15/04/2021 - 17:50;Serviço ;12;;;;;;;OK. 8 PAXS"
"Comandante do Exército;São Paulo (Congonhas);15/04/2021 - 14:25;Brasília;15/04/2021 - 15:50;Serviço ;14;;;;;;;OK. 6 PAXS"
"Presidente do Congresso Nacional;Brasília;16/04/2021 - 14:40;Belo Horizonte (Pampulha);16/04/2021 - 15:35;Serviço /Segurança;8;;;;;;;OK. 10 PAXS"
"Presidente da Câmara dos Deputados;São Paulo (Congonhas);16/04/2021 - 17:30;Brasília;16/04/2021 - 18:55;Serviço ;3;;;;;;;OK. 9 PAXS"
"Ministro da Defesa;São Paulo (Congonhas);16/04/2021 - 13:50;Brasília;16/04/2021 - 15:10;Serviço ;14;;;;;;;OK. 12 PAXS"
"Ministro da Educação;Brasília;16/04/2021 - 14:05;São Paulo (Congonhas);16/04/2021 - 15:25;Serviço ;2;;;;;;;OK. 5 PAXS"
"Ministro da Saúde;Brasília;16/04/2021 - 12:05;João Pessoa;16/04/2021 - 14:25;Serviço ;12;;;;;;;OK. 12 PAXS"
"Ministro da Saúde;João Pessoa;17/04/2021 - 08:30;Campina Grande;17/04/2021 - 08:50;Serviço ;12;;;;;;;OK. 12 PAXS"
"Ministro da Saúde;Campina Grande;17/04/2021 - 18:30;Brasília;17/04/2021 - 21:10;Serviço ;12;;;;;;;OK. 9 PAXS"
"Presidente do Congresso Nacional;Belo Horizonte (Pampulha);19/04/2021 - 12:10;Brasília;19/04/2021 - 13:15;Serviço/Segurança ;8;;;;;;;OK. 8 PAXS"
"Presidente  do Supremo Tribunal Federal;Rio de Janeiro (Santos Dumont);19/04/2021 - 12:15;Brasília;19/04/2021 - 14:05;Serviço/Segurança ;4;;;;;;;OK. 4 PAXS"
"Ministro da Ciência, Tecnologia e Inovação;São Paulo (Congonhas);19/04/2021 - 13:30;Brasília;19/04/2021 - 14:55;Serviço ;4;;;;;;;OK. 5 PAXS"
"Ministro do Turismo;Brasília;19/04/2021 - 17:20;São Paulo (Congonhas);19/04/2021 - 18:40;Serviço ;12;;;;;;;OK. 11 PAXS"
"Ministro do Turismo;São Paulo (Congonhas);19/04/2021 - 21:10;Brasília;19/04/2021 - 22:35;Serviço ;12;;;;;;;OK. 11 PAXS"
"Ministro da Educação;Brasília;20/04/2021 - 09:10;Barra Do Garças;20/04/2021 - 09:10;Serviço ;6;;;;;;;OK. 9 PAXS"
"Ministro da Educação;Barra Do Garças;20/04/2021 - 14:35;Brasília;20/04/2021 - 16:25;Serviço ;7;;;;;;;OK. 9 PAXS"
"Ministra  da Mulher, da Família e dos Direitos Humanos;Brasília;21/04/2021 - 07:30;Maringá;21/04/2021 - 09:05;Serviço ;9;;;;;;;OK. 8 PAXS"
"Ministra  da Mulher, da Família e dos Direitos Humanos;Maringá;21/04/2021 - 19:05;Brasília;21/04/2021 - 20:30;Serviço ;12;;;;;;;OK. 12 PAXS"
"Presidente da Câmara dos Deputados;Brasília;22/04/2021 - 19:45;Maceió;22/04/2021 - 21:45;Serviço/Segurança ;8;;;;;;;OK. 9 PAXS"
"Presidente  do Supremo Tribunal Federal;Brasília;22/04/2021 - 19:55;Rio de Janeiro (Santos Dumont);22/04/2021 - 21:30;Serviço/Segurança ;4;;;;;;;OK. 4 PAXS"
"Presidente do Congresso Nacional;Brasília;23/04/2021 - 15:05;Belo Horizonte (Pampulha);23/04/2021 - 16:05;Serviço ;6;;;;;;;OK. 6 PAXS"
"Ministro da Defesa;Brasília;23/04/2021 - 08:10;Rio de Janeiro (Santos Dumont);23/04/2021 - 09:40;Serviço ;12;;;;;;;OK.4 PAXS"
"Ministro do Desenvolvimento Regional;Brasília;23/04/2021 - 08:40;Aracaju;23/04/2021 - 10:25;Serviço ;7;;;;;;;OK. 8 PAXS"
"Ministro do Desenvolvimento Regional;Aracaju;23/04/2021 - 15:55;Brasília;23/04/2021 - 18:00;Serviço ;7;;;;;;;OK. 6 PAXS"
"Presidente do Congresso Nacional;Belo Horizonte (Pampulha);24/04/2021 - 21:05;Brasília;24/04/2021 - 22:15;Serviço/Segurança ;5;;;;;;;OK. 5 PAXS"
"Presidente da Câmara dos Deputados;Maceió;25/04/2021 - 19:25;Brasília;25/04/2021 - 21:40;Serviço/Segurança ;8;;;;;;;OK. 7 PAXS"
"Ministro da Defesa;Rio de Janeiro (Santos Dumont);25/04/2021 - 15:45;Brasília;25/04/2021 - 17:20;Serviço ;12;;;;;;;OK. 5 PAXS"
"Presidente  do Supremo Tribunal Federal;Rio de Janeiro (Santos Dumont);26/04/2021 - 17:10;Brasília;26/04/2021 - 18:55;Serviço Segurança ;7;;;;;;;"
"Ministro da Educação;Brasília;26/04/2021 - 07:55;Teresina;26/04/2021 - 09:55;Serviço ;7;;;;;;;"
"Ministro da Educação;Teresina;26/04/2021 - 13:05;João Pessoa;26/04/2021 - 14:30;Serviço ;8;;;;;;;"
"Ministro da Educação;João Pessoa;26/04/2021 - 21:30;Brasília;27/04/2021 - 00:00;Serviço ;8;;;;;;;"
"Ministro da Cidadania;Rio de Janeiro (Santos Dumont);27/04/2021 - 18:10;Brasília;27/04/2021 - 19:55;Serviço ;10;;;;;;;"
"Ministro da Infraestrutura;Brasília;28/04/2021 - 09:20;Rio de Janeiro (Santos Dumont);28/04/2021 - 10:50;Serviço ;12;;;;;;;"
"Ministro da Infraestrutura;Rio de Janeiro (Santos Dumont);28/04/2021 - 16:50;Brasília;28/04/2021 - 18:35;Serviço ;12;;;;;;;"
"Ministro das Minas e Energia;Brasília;28/04/2021 - 18:55;Foz Do Iguaçu;28/04/2021 - 20:55;Serviço ;14;;;;;;;"
"Ministro da Saúde;Brasília;02/05/2021 - 14:00;São Paulo (Guarulhos);02/05/2021 - 15:30;Serviço "
"Presidente  do Supremo Tribunal Federal;Rio de Janeiro (Santos Dumont);03/05/2021 - 16:35;Brasília;03/05/2021 - 18:05;Serviço Segurança "
"Ministro da Educação;São Paulo (Guarulhos);03/05/2021 - 15:50;Brasília;03/05/2021 - 17:05;Serviço "
"Ministro da Saúde;São Paulo (Congonhas);03/05/2021 - 22:00;Brasília;03/05/2021 - 23:20;Serviço "
"Ministro da Justiça e Segurança Pública;Brasília;04/05/2021 - 11:40;São Paulo (Guarulhos);04/05/2021 - 13:10;Serviço "
"À disposição do Ministério da Defesa;Brasília;04/05/2021 - 12:20;Recife;04/05/2021 - 14:35;Serviço "
"À disposição do Ministério da Defesa;Recife;04/05/2021 - 20:50;Brasília;04/05/2021 - 23:10;Serviço "
"Ministro da Justiça e Segurança Pública;São Paulo (Congonhas);05/05/2021 - 14:45;Rio de Janeiro (Santos Dumont);05/05/2021 - 15:30;Serviço "
"Presidente  do Supremo Tribunal Federal;Brasília;06/05/2021 - 19:30;Rio de Janeiro (Santos Dumont);06/05/2021 - 21:00;Serviço Segurança "
"Ministro da Educação;Brasília;06/05/2021 - 07:55;Belo Horizonte (Pampulha);06/05/2021 - 09:00;Serviço "
"Ministro da Educação;Belo Horizonte (Pampulha);06/05/2021 - 17:35;Brasília;06/05/2021 - 18:40;Serviço "
"Ministro do meio Ambiente;Brasília;06/05/2021 - 05:15;Porto Alegre;06/05/2021 - 07:40;Serviço "
"Ministro do meio Ambiente;Porto Alegre;06/05/2021 - 13:40;São Paulo (Congonhas);06/05/2021 - 15:00;Serviço "
"Presidente do Congresso Nacional;Brasília;07/05/2021 - 11:45;Belo Horizonte (Pampulha);07/05/2021 - 12:55;Serviço Segurança "
"Presidente da Câmara dos Deputados;Brasília;07/05/2021 - 07:10;Maceió;07/05/2021 - 09:15;Serviço/Segurança"
"Ministro do Desenvolvimento Regional;Brasília;07/05/2021 - 07:10;Maceió;07/05/2021 - 09:15;Serviço "
"Ministro da Defesa;Brasília;06/05/2021 - 08:05;Porto Velho;06/05/2021 - 09:50;Serviço "
"Ministro da Defesa;Porto Velho;06/05/2021 - 10:45;Tabatinga;06/05/2021 - 11:05;Serviço "
"Ministro da Defesa;Tabatinga;07/05/2021 - 13:35;Porto Velho;07/05/2021 - 15:55;Serviço "
"Ministro da Defesa;Porto Velho;07/05/2021 - 16:35;Brasília;07/05/2021 - 20:15;Serviço "
"Ministro do Desenvolvimento Regional;Maceió;07/05/2021 - 18:00;Brasília;07/05/2021 - 20:15;Serviço "
"Presidente da Câmara dos Deputados;Maceió;09/05/2021 - 18:45;Brasília;09/05/2021 - 21:15;Serviço/Segurança"
"Ministro do Turismo;Brasília;06/05/2021 - 10:10;Boa Vista;06/05/2021 - 12:30;Serviço "
"Ministro do Turismo;Boa Vista;06/05/2021 - 14:20;Punta Cana;06/05/2021 - 17:40;Serviço "
"Ministro do Turismo;Punta Cana;09/05/2021 - 11:30;Boa Vista;09/05/2021 - 14:30;Serviço "
"Ministro do Turismo;Boa Vista;09/05/2021 - 15:10;Brasília;09/05/2021 - 19:40;Serviço "
"Presidente do Congresso Nacional;Belo Horizonte (Pampulha);10/05/2021 - 10:35;Brasília;10/05/2021 - 11:45;Serviço Segurança "
"Presidente  do Supremo Tribunal Federal;Rio de Janeiro (Santos Dumont);10/05/2021 - 17:10;Brasília;10/05/2021 - 18:50;Serviço Segurança "
"Ministro das Comunicações;São Paulo (Congonhas);10/05/2021 - 16:05;Brasília;10/05/2021 - 17:25;Serviço "
"Ministra  da Mulher, da Família e dos Direitos Humanos;Brasília;10/05/2021 - 07:20;Feira De Santana;10/05/2021 - 09:25;Serviço "
"Ministra  da Mulher, da Família e dos Direitos Humanos;Feira De Santana;10/05/2021 - 15:35;Brasília;10/05/2021 - 17:25;Serviço "
"Comandante da Marinha;Brasília;10/05/2021 - 08:00;Vitória;10/05/2021 - 09:35;Serviço "
"Comandante da Marinha;Vitória;10/05/2021 - 15:00;Brasília;10/05/2021 - 16:35;Serviço "
"Ministro das Comunicações;Brasília;11/05/2021 - 08:30;Campo Grande;11/05/2021 - 09:05;Serviço "
"Ministro das Comunicações;Campo Grande;11/05/2021 - 09:45;Rondonópolis;11/05/2021 - 10:35;Serviço "
"Ministro das Comunicações;Rondonópolis;11/05/2021 - 15:45;Brasília;11/05/2021 - 17:55;Serviço "
"Ministro do Meio Ambiente;Brasília;11/05/2021 - 07:20;Itaituba;11/05/2021 - 09:40;Serviço "
"Ministro da Defesa;Brasília;13/05/2021 - 15:15;Rio de Janeiro (Santos Dumont);13/05/2021 - 16:40;Serviço "
"Ministro da Educação;Brasília;12/05/2021 - 08:15;Santa Maria;12/05/2021 - 10:50;Serviço "
"Ministro da Educação;Santa Maria;12/05/2021 - 13:10;Porto Alegre;12/05/2021 - 13:45;Serviço "
"Ministro da Educação;Porto Alegre;13/05/2021 - 08:25;Curitiba;13/05/2021 - 09:20;Serviço "
"Ministro da Educação;Curitiba;13/05/2021 - 16:50;Navegantes;13/05/2021 - 17:15;Serviço "
"Ministro da Ciência, Tecnologia e Inovação;Brasília;13/05/2021 - 09:40;Alcântara;13/05/2021 - 12:00;Serviço "
"Ministro da Ciência, Tecnologia e Inovação;Alcântara;13/05/2021 - 16:20;Brasília;13/05/2021 - 19:00;Serviço "
"Ministro da Ciência, Tecnologia e Inovação;Brasília;13/05/2021 - 19:50;São Paulo (Guarulhos);13/05/2021 - 21:15;Serviço "
"Ministro do Turismo;Brasília;13/05/2021 - 20:10;Florianópolis;13/05/2021 - 22:05;Serviço "
"Ministra  da Mulher, da Família e dos Direitos Humanos;Brasília;13/05/2021 - 07:05;Rio de Janeiro (Galeão);13/05/2021 - 08:20;Serviço "
"Ministra  da Mulher, da Família e dos Direitos Humanos;Rio de Janeiro (Galeão);13/05/2021 - 16:20;Campinas;13/05/2021 - 17:15;Serviço "
"Presidente do Congresso Nacional;Brasília;14/05/2021 - 15:10;Belo Horizonte (Pampulha);14/05/2021 - 16:10;Serviço/Segurança "
"Presidente  do Supremo Tribunal Federal;Brasília;14/05/2021 - 17:55;Rio de Janeiro (Santos Dumont);14/05/2021 - 19:20;Serviço/Segurança "
"Ministro da Defesa;Rio de Janeiro (Santos Dumont);14/05/2021 - 12:45;Brasília;14/05/2021 - 14:25;Serviço "
"Ministro da Educação;Navegantes;14/05/2021 - 12:10;Chapecó;14/05/2021 - 13:05;Serviço "
"Ministro da Educação;Chapecó;14/05/2021 - 17:50;Brasília;14/05/2021 - 19:45;Serviço "
"Ministro da Educação;Brasília;14/05/2021 - 20:55;São Luís;14/05/2021 - 23:10;Serviço "
"Ministro da Saúde;Brasília;14/05/2021 - 08:30;Rio de Janeiro (Santos Dumont);14/05/2021 - 10:00;Serviço "
"Ministro do Meio Ambiente;Itaituba;14/05/2021 - 19:10;Brasília;14/05/2021 - 21:20;Serviço "
"Ministro do Desenvolvimento Regional;Brasília;14/05/2021 - 07:25;Natal;14/05/2021 - 09:55;Serviço "
"Ministro da Saúde;Rio de Janeiro (Galeão);15/05/2021 - 14:45;Bauru (Arealva);15/05/2021 - 16:05;Serviço "
"Ministro do Turismo;Florianópolis;15/05/2021 - 09:20;Brasília;15/05/2021 - 11:25;Serviço "
"Presidente do Congresso Nacional;Belo Horizonte (Pampulha);16/05/2021 - 20:50;Brasília;16/05/2021 - 22:00;Serviço/Segurança "
"Ministro da Educação;São Luís;16/05/2021 - 16:30;Brasília;16/05/2021 - 18:50;Serviço "
"Ministro da Saúde;Bauru (Arealva);16/05/2021 - 11:05;Rio de Janeiro (Santos Dumont);16/05/2021 - 12:15;Serviço "
"Presidente  do Supremo Tribunal Federal;Rio de Janeiro (Santos Dumont);17/05/2021 - 17:40;Brasília;17/05/2021 - 19:30;Serviço/Segurança "
"Ministro da Saúde;Rio de Janeiro (Galeão);17/05/2021 - 14:25;Campinas;17/05/2021 - 15:15;Serviço "
"Ministro da Saúde;Campinas;17/05/2021 - 18:55;Brasília;17/05/2021 - 20:15;Serviço "
"Ministro do Meio Ambiente;Brasília;17/05/2021 - 07:20;Porto Seguro;17/05/2021 - 08:40;Serviço "
"Ministro do Meio Ambiente;Porto Seguro;17/05/2021 - 12:50;Belo Horizonte (Pampulha);17/05/2021 - 14:00;Serviço "
"Ministro do Meio Ambiente;Belo Horizonte (Pampulha);17/05/2021 - 16:55;São Paulo (Congonhas);17/05/2021 - 18:05;Serviço "
"Ministro das Minas e Energia;Brasília;18/05/2021 - 18:05;Vitória;18/05/2021 - 19:40;Serviço "
"Ministro do Desenvolvimento Regional;Natal;18/05/2021 - 07:20;Brasília;18/05/2021 - 10:10;Serviço "
"Ministra  da Mulher, da Família e dos Direitos Humanos;Brasília;18/05/2021 - 07:20;Vitória;18/05/2021 - 08:45;Serviço "
"Ministra  da Mulher, da Família e dos Direitos Humanos;Vitória;18/05/2021 - 14:50;Rio de Janeiro (Galeão);18/05/2021 - 15:40;Serviço "
"Ministra  da Mulher, da Família e dos Direitos Humanos;Rio de Janeiro (Galeão);18/05/2021 - 20:05;Brasília;18/05/2021 - 21:45;Serviço "
"Ministro da Justiça e Segurança Pública;Brasília;19/05/2021 - 19:10;Boa Vista;19/05/2021 - 21:45;Serviço "
"Ministro da Educação;Brasília;19/05/2021 - 08:15;Araguaína;19/05/2021 - 09:45;Serviço "
"Ministro da Educação;Araguaína;19/05/2021 - 20:15;Brasília;19/05/2021 - 21:40;Serviço "
"Ministro das Minas e Energia;Vitória;19/05/2021 - 20:30;Brasília;19/05/2021 - 22:05;Serviço "
"Ministro do Meio Ambiente;Brasília;20/05/2021 - 07:25;Bauru (Arealva);20/05/2021 - 08:40;Serviço "
"Ministro do Meio Ambiente;Bauru (Arealva);20/05/2021 - 12:40;São Paulo (Congonhas);20/05/2021 - 13:25;Serviço "
"Ministro do Turismo;São Paulo (Guarulhos);20/05/2021 - 07:35;Palmas;20/05/2021 - 09:45;Serviço "
"Ministra  da Mulher, da Família e dos Direitos Humanos;Brasília;20/05/2021 - 07:20;Manaus (Ponta Pelada);20/05/2021 - 09:05;Serviço "
"Ministra  da Mulher, da Família e dos Direitos Humanos;Manaus (Ponta Pelada);20/05/2021 - 16:25;Brasília;20/05/2021 - 20:00;Serviço "
"Presidente do Congresso Nacional;Brasília;21/05/2021 - 15:10;Belo Horizonte (Pampulha);21/05/2021 - 16:20;Serviço Segurança "
"Presidente  do Supremo Tribunal Federal;Brasília;21/05/2021 - 17:55;Rio de Janeiro (Santos Dumont);21/05/2021 - 19:20;Serviço Segurança "
"Ministro da Justiça e Segurança Pública;Boa Vista;21/05/2021 - 09:35;Manaus (Eduardo Gomes);21/05/2021 - 10:45;Serviço "
"Ministro da Justiça e Segurança Pública;Manaus (Eduardo Gomes);21/05/2021 - 14:40;Brasília;21/05/2021 - 18:15;Serviço "
"Ministro da Educação;Brasília;21/05/2021 - 08:45;Maringá;21/05/2021 - 10:15;Serviço "
"Ministro da Educação;Maringá;21/05/2021 - 16:25;Brasília;21/05/2021 - 17:55;Serviço "
"Ministro da Saúde;Brasília;21/05/2021 - 08:10;Ribeirão Preto;21/05/2021 - 09:10;Serviço "
"Ministro da Saúde;Ribeirão Preto;21/05/2021 - 13:45;Brasília;21/05/2021 - 14:50;Serviço "
"Ministro do Desenvolvimento Regional;Brasília;21/05/2021 - 08:10;Poços De Caldas;21/05/2021 - 09:45;Serviço "
"Ministro do Desenvolvimento Regional;Poços De Caldas;21/05/2021 - 11:30;Divinópolis;21/05/2021 - 13:00;Serviço "
"Ministro do Desenvolvimento Regional;Divinópolis;21/05/2021 - 17:00;Brasília;21/05/2021 - 18:30;Serviço "
"Ministra  da Mulher, da Família e dos Direitos Humanos;Brasília;21/05/2021 - 09:35;Chapecó;21/05/2021 - 11:40;Serviço "
"Ministra  da Mulher, da Família e dos Direitos Humanos;Chapecó;21/05/2021 - 18:25;Brasília;21/05/2021 - 20:25;Serviço "
"Presidente do Congresso Nacional;Belo Horizonte (Pampulha);23/05/2021 - 21:35;Brasília;23/05/2021 - 22:50;Serviço/Segurança"
"Ministro da Saúde;Brasília;23/05/2021 - 12:00;São Luís;23/05/2021 - 14:10;Serviço "
"Ministro da Saúde;São Luís;23/05/2021 - 20:00;Brasília;23/05/2021 - 22:15;Serviço "
"Presidente da Câmara dos Deputados;Brasília;24/05/2021 - 17:00;São Paulo (Congonhas);24/05/2021 - 18:30;Serviço "
"Presidente  do Supremo Tribunal Federal;Rio de Janeiro (Santos Dumont);24/05/2021 - 16:50;Brasília;24/05/2021 - 18:30;Serviço Segurança "
"Ministro do Turismo;Brasília;24/05/2021 - 10:15;Natal;24/05/2021 - 12:40;Serviço "
"Presidente da Câmara dos Deputados;São Paulo (Congonhas);25/05/2021 - 12:55;Brasília;25/05/2021 - 14:20;Serviço "
"Ministro da Economia;Brasília;25/05/2021 - 08:40;São Paulo (Congonhas);25/05/2021 - 10:00;Serviço "
"Ministro da Economia;São Paulo (Congonhas);25/05/2021 - 20:00;Brasília;25/05/2021 - 21:35;Serviço "
"Ministro do Turismo;Natal;25/05/2021 - 09:15;Brasília;25/05/2021 - 12:25;Serviço "
"Ministro da Ciência, Tecnologia e Inovação;Brasília;26/05/2021 - 07:20;Alcântara;26/05/2021 - 09:40;Serviço "
"Ministro da Educação;Brasília;26/05/2021 - 07:20;Alcântara;26/05/2021 - 09:40;Serviço "
"Ministro da Ciência, Tecnologia e Inovação;Alcântara;26/05/2021 - 19:45;Brasília;26/05/2021 - 22:10;Serviço "
"Ministro da Educação;Alcântara;26/05/2021 - 19:45;Brasília;26/05/2021 - 22:10;Serviço "
"Ministra  da Mulher, da Família e dos Direitos Humanos;Brasília;26/05/2021 - 08:10;Governador Valadares;26/05/2021 - 09:10;Serviço "
"Ministra  da Mulher, da Família e dos Direitos Humanos;Governador Valadares;26/05/2021 - 18:10;Brasília;26/05/2021 - 19:30;Serviço "
"Ministro da Infraestrutura;Brasília;27/05/2021 - 07:55;Guarujá;27/05/2021 - 10:20;Serviço "
"Ministro da Infraestrutura;Guarujá;27/05/2021 - 13:05;Brasília;27/05/2021 - 15:15;Serviço "
"Ministro das Minas e Energia;Brasília;27/05/2021 - 12:25;Foz Do Iguaçu;27/05/2021 - 14:40;Serviço "
"Ministro das Comunicações;Brasília;27/05/2021 - 16:40;São Paulo (Congonhas);27/05/2021 - 18:10;Serviço "
"Ministro do Desenvolvimento Regional;Brasília;27/05/2021 - 07:10;Jaguaruna;27/05/2021 - 09:30;Serviço "
"Ministro do Desenvolvimento Regional;Jaguaruna;27/05/2021 - 12:50;Joinville;27/05/2021 - 13:25;Serviço "
"Ministro do Desenvolvimento Regional;Joinville;27/05/2021 - 17:55;Navegantes;27/05/2021 - 18:15;Serviço "
"Presidente da Câmara dos Deputados;Brasília;28/05/2021 - 08:00;Maceió;28/05/2021 - 10:00;Serviço "
"Presidente  do Supremo Tribunal Federal;Brasília;28/05/2021 - 17:35;Rio de Janeiro (Santos Dumont);28/05/2021 - 19:00;Serviço/Segurança "
"Ministro das Minas e Energia;Foz Do Iguaçu;28/05/2021 - 16:55;Brasília;28/05/2021 - 18:45;Serviço "
"Ministro do Turismo;Brasília;28/05/2021 - 08:35;São Paulo (Congonhas);28/05/2021 - 10:05;Serviço "
"Ministro do Desenvolvimento Regional;Navegantes;28/05/2021 - 10:15;São Paulo (Guarulhos);28/05/2021 - 11:15;Serviço "
"Ministro da Defesa;Brasília;25/05/2021 - 08:25;Manaus (Ponta Pelada);25/05/2021 - 10:25;Serviço "
"Ministro da Defesa;Manaus (Ponta Pelada);26/05/2021 - 09:10;Tefé;26/05/2021 - 10:10;Serviço "
"Ministro da Defesa;Tefé;26/05/2021 - 16:10;São Gabriel Da Cachoeira;26/05/2021 - 16:55;Serviço "
"Ministro da Defesa;São Gabriel Da Cachoeira;28/05/2021 - 10:20;Boa Vista;28/05/2021 - 11:40;Serviço "
"Ministro da Defesa;Boa Vista;29/05/2021 - 13:50;Manaus (Ponta Pelada);29/05/2021 - 15:05;Serviço "
"Ministro da Defesa;Manaus (Ponta Pelada);29/05/2021 - 15:35;Brasília;29/05/2021 - 19:15;Serviço "
"Ministro da Saúde;São Paulo (Congonhas);29/05/2021 - 17:00;Recife;29/05/2021 - 19:55;Serviço "
"Ministro do Turismo;São Paulo (Congonhas);29/05/2021 - 17:00;Recife;29/05/2021 - 19:55;Serviço"
"Presidente da Câmara dos Deputados;Maceió;30/05/2021 - 19:35;Brasília;30/05/2021 - 21:55;Serviço "
"Ministro da Justiça e Segurança Pública;Brasília;30/05/2021 - 16:10;Curitiba;30/05/2021 - 17:50;Serviço "
"Ministro das Relações Exteriores;Brasília;30/05/2021 - 13:40;São Paulo (Congonhas);30/05/2021 - 15:05;Serviço "
"Ministro da Saúde;Recife;30/05/2021 - 20:35;Brasília;30/05/2021 - 23:05;Serviço "
"Ministro do Turismo;Recife;30/05/2021 - 20:35;Brasília;30/05/2021 - 23:05;Serviço "
"Presidente  do Supremo Tribunal Federal;Rio de Janeiro (Santos Dumont);31/05/2021 - 18:00;Brasília;31/05/2021 - 19:45;Serviço Segurança "
"Ministro das Relações Exteriores;São Paulo (Congonhas);31/05/2021 - 15:40;Brasília;31/05/2021 - 17:10;Serviço "
"Ministro da Cidadania;Brasília;31/05/2021 - 11:25;Teresina;31/05/2021 - 13:20;Serviço "
"Ministro da Cidadania;Teresina;31/05/2021 - 16:55;Brasília;31/05/2021 - 18:55;Serviço "
"Ministro da Saúde;Brasília;31/05/2021 - 08:15;São Paulo (Congonhas);31/05/2021 - 09:40;Serviço "
"Ministro da Saúde;São Paulo (Congonhas);31/05/2021 - 20:30;Brasília;31/05/2021 - 22:00;Serviço"
"Ministro da Justiça e Segurança Pública;Curitiba;01/06/2021 - 08:20;Brasília;01/06/2021 - 10:15;Serviço ;"
"Ministro da Infraestrutura;São Paulo (Congonhas);01/06/2021 - 16:00;Brasília;01/06/2021 - 17:30;Serviço ;"
"Ministro do Meio Ambiente;São Paulo (Congonhas);01/06/2021 - 07:00;Campinas;01/06/2021 - 07:55;Serviço ;"
"Ministro do Meio Ambiente;Campinas;01/06/2021 - 10:00;Pirassununga;01/06/2021 - 10:20;Serviço ;"
"Ministro do Meio Ambiente;Pirassununga;01/06/2021 - 16:00;Goiânia;01/06/2021 - 17:05;Serviço ;"
"Ministro do Meio Ambiente;Goiânia;01/06/2021 - 22:50;Brasília;01/06/2021 - 23:15;Serviço ;"
"Presidente do Congresso Nacional;Brasília;02/06/2021 - 11:00;Rio de Janeiro (Santos Dumont);02/06/2021 - 12:20;Serviço Segurança ;"
"Ministro da Saúde;Brasília;02/06/2021 - 12:30;Boa Vista;02/06/2021 - 15:00;Serviço ;"
"Ministro da Saúde;Boa Vista;03/06/2021 - 08:15;Porto Velho;03/06/2021 - 10:10;Serviço ;"
"Ministro da Saúde;Porto Velho;03/06/2021 - 18:30;Brasília;03/06/2021 - 22:00;Serviço ;"
"Presidente  do Supremo Tribunal Federal;Brasília;04/06/2021 - 11:25;Rio de Janeiro (Santos Dumont);04/06/2021 - 12:50;Serviço Segurança ;"
"Ministro do Desenvolvimento Regional;Brasília;04/06/2021 - 09:00;Campo Grande;04/06/2021 - 09:35;Serviço ;"
"Ministro do Desenvolvimento Regional;Campo Grande;04/06/2021 - 12:25;Brasília;04/06/2021 - 14:40;Serviço ;"
"Ministro das Comunicações;São Roque;06/06/2021 - 20:15;Brasília;06/06/2021 - 21:40;Serviço ;"
"Presidente do Congresso Nacional;Belo Horizonte (Pampulha);07/06/2021 - 20:15;Brasília;07/06/2021 - 21:30;Serviço Segurança ;"
"Presidente  do Supremo Tribunal Federal;Rio de Janeiro (Santos Dumont);07/06/2021 - 17:00;Brasília;07/06/2021 - 18:45;Serviço Segurança ;"
"Ministro da Educação;Brasília;07/06/2021 - 08:30;Vitória;07/06/2021 - 10:05;Serviço ;"
"Ministro da Educação;Vitória;07/06/2021 - 19:50;Brasília;07/06/2021 - 21:30;Serviço ;"
"Ministro da Ciência, Tecnologia e Inovação;São Paulo (Congonhas);07/06/2021 - 16:00;Brasília;07/06/2021 - 17:30;Serviço ;"
"Ministro do Meio Ambiente;Brasília;07/06/2021 - 12:30;São Paulo (Congonhas);07/06/2021 - 13:50;Serviço;"
"Ministro da Defesa;Brasília;09/06/2021 - 07:50;Porto Alegre;09/06/2021 - 10:25;Serviço ;"
"Ministro da Defesa;Porto Alegre;09/06/2021 - 16:15;Brasília;09/06/2021 - 18:30;Serviço ;"
"Ministro da Educação;Brasília;09/06/2021 - 14:10;Anápolis;09/06/2021 - 14:30;Serviço ;"
"Ministro do Meio Ambiente;São Paulo (Congonhas);09/06/2021 - 08:15;Rio de Janeiro (Santos Dumont);09/06/2021 - 08:55;Serviço ;"
"Ministro do Meio Ambiente;Rio de Janeiro (Santos Dumont);09/06/2021 - 10:30;Brasília;09/06/2021 - 12:15;Serviço ;"
"Ministro do Turismo;Recife;08/06/2021 - 09:25;Santarém;08/06/2021 - 12:50;Serviço ;"
"Ministro do Turismo;Santarém;09/06/2021 - 10:00;Altamira;09/06/2021 - 10:45;Serviço ;"
"Ministro do Turismo;Altamira;09/06/2021 - 11:35;Brasília;09/06/2021 - 13:35;Serviço ;"
"Ministro da Saúde;Brasília;10/06/2021 - 20:00;São Paulo (Congonhas);10/06/2021 - 21:35;Serviço ;"
"Presidente da Câmara dos Deputados;Brasília;11/06/2021 - 12:55;Maceió;11/06/2021 - 15:00;Serviço Segurança ;"
"Presidente do Congresso Nacional;Brasília;11/06/2021 - 16:50;Rio de Janeiro (Santos Dumont);11/06/2021 - 18:10;Serviço Segurança ;VOO COMPARTILHADO COM O STF"
"Presidente  do Supremo Tribunal FederalPresidente do Congresso Nacional;Brasília;11/06/2021 - 16:50;Rio de Janeiro (Santos Dumont);11/06/2021 - 18:10;Serviço Segurança ;VOO COMPARTILHADO COM O PCN"
"Presidente do Congresso Nacional;Rio de Janeiro (Santos Dumont);11/06/2021 - 22:25;São Paulo (Guarulhos);11/06/2021 - 23:15;Serviço Segurança ;"
"Ministro da Saúde;São Paulo (Congonhas);11/06/2021 - 19:55;Brasília;11/06/2021 - 21:30;Serviço ;"
"Ministro das Comunicações;Brasília;06/06/2021 - 22:15;Fort-de-France(França);07/06/2021 - 02:25;Serviço ;"
"Ministro das Comunicações;Fort-de-France(França);07/06/2021 - 03:20;Washington (EUA);07/06/2021 - 08:10;Serviço ;"
"Ministro das Comunicações;Washington (EUA);09/06/20221 - 18:15;New York (EUA);09/06/20221 - 19:10;Serviço ;"
"Ministro das Comunicações;New York (EUA);11/06/2021 - 10:55;Fort-de-France(França);11/06/2021 - 15:15;Serviço ;"
"Ministro das Comunicações;Fort-de-France(França);11/06/2021 - 16:00;Brasília;11/06/2021 - 21:50;Serviço ;"
"Ministro das Comunicações;Brasília;11/06/2021 - 22:25;São Roque(Catarina);11/06/2021 - 23:45;Serviço ;"
"Ministro da Ciência, Tecnologia e Inovação;Brasília;11/06/2021 - 14:20;São Paulo (Congonhas);11/06/2021 - 15:50;Serviço ;"
"Ministro do Turismo;Brasília;11/06/2021 - 10:10;Rio de Janeiro (Santos Dumont);11/06/2021 - 11:35;Serviço ;"
"Ministro do Desenvolvimento Regional;Vitória;11/06/2021 - 21:00;Brasília;11/06/2021 - 22:40;Serviço ;"
"Comandante da Marinha;Brasília;11/06/2021 - 15:05;Rio de Janeiro (Galeão);11/06/2021 - 16:25;Serviço ;"
"Presidente do Congresso Nacional;São Paulo (Congonhas);12/06/2021 - 16:35;Brasília;12/06/2021 - 18:10;Serviço Segurança ;"
"Presidente da Câmara dos Deputados;Maceió;12/06/2021 - 10:50;São Paulo (Congonhas);12/06/2021 - 13:45;Serviço ;"
"Ministro do Turismo;Rio de Janeiro (Santos Dumont);12/06/2021 - 14:10;Brasília;12/06/2021 - 15:50;Serviço ;"
"Comandante da Marinha;Rio de Janeiro (Galeão);11/06/2021 - 23:00;Brasília;12/06/2021 - 00:40;Serviço ;"
"Ministro do Turismo;Brasília;13/06/2021 - 08:30;São Paulo (Congonhas);13/06/2021 - 09:55;Serviço ;"
"Ministro do Turismo;São Paulo (Congonhas);13/06/2021 - 17:15;Brasília;13/06/2021 - 18:55;Serviço ;"
"Presidente da Câmara dos Deputados;São Paulo (Congonhas);14/06/2021 - 16:10;Brasília;14/06/2021 - 17:35;Serviço ;"
"Presidente  do Supremo Tribunal Federal;Rio de Janeiro (Santos Dumont);14/06/2021 - 18:35;Brasília;14/06/2021 - 20:15;Serviço/Segurança;"
"Ministro da Defesa;Brasília;14/06/2021 - 08:10;Salvador;14/06/2021 - 09:45;Serviço ;"
"Ministro da Defesa;Salvador;14/06/2021 - 16:40;Brasília;14/06/2021 - 18:30;Serviço ;"
"Ministro da Infraestrutura;Brasília;14/06/2021 - 08:00;Petrolina;14/06/2021 - 09:35;Serviço ;"
"Ministro da Infraestrutura;Petrolina;14/06/2021 - 12:25;Brasília;14/06/2021 - 14:15;Serviço ;"
"Ministro da Educação;Marília;14/06/2021 - 17:15;Brasília;14/06/2021 - 18:30;Serviço ;"
"Ministro do Turismo;Brasília;14/06/2021 - 07:50;Maceió;14/06/2021 - 10:00;Serviço ;"
"Ministro do Turismo;Maceió;14/06/2021 - 16:40;Brasília;14/06/2021 - 19:00;Serviço ;"
"Comandante da Marinha;Salvador;14/06/2021 - 22:00;Brasília;14/06/2021 - 23:50;Serviço ;"
"Ministro da Saúde;Brasília;15/06/2021 - 12:10;Goiânia;15/06/2021 - 12:40;Serviço ;"
"Ministro da Saúde;Goiânia;15/06/2021 - 18:45;Brasília;15/06/2021 - 19:05;Serviço ;"
"Presidente da Câmara dos Deputados;Brasília;17/06/2021 - 20:50;Maceió;17/06/2021 - 22:50;Serviço/Segurança ;"
"Ministro da Saúde;Brasília;17/06/2021 - 18:25;Rio de Janeiro (Galeão);17/06/2021 - 19:55;Serviço ;"
"Ministro das Comunicações;Brasília;16/06/2021 - 08:10;Mossoró;16/06/2021 - 10:25;Serviço ;"
"Ministro das Comunicações;Mossoró;16/06/2021 - 16:00;Natal;16/06/2021 - 16:30;Serviço ;"
"Ministro das Comunicações;Natal;17/06/2021 - 10:45;Brasília;17/06/2021 - 13:25;Serviço ;"
"Comandante do Exército;Brasília;17/06/2021 - 08:10;Goiânia;17/06/2021 - 08:40;Serviço ;"
"Comandante do Exército;Goiânia;17/06/2021 - 17:15;Brasília;17/06/2021 - 17:40;Serviço ;"
"Secretaria-Geral da Presedência da República;Brasília;17/06/2021 - 06:05;Erechim;17/06/2021 - 09:35;Serviço;"
"Secretaria-Geral da Presedência da República;Erechim;17/06/2021 - 16:10;Canoas;17/06/2021 - 16:50;Serviço;"
"Presidente  do Supremo Tribunal Federal;Brasília;18/06/2021 - 13:45;Rio de Janeiro (Santos Dumont);18/06/2021 - 15:10;Serviço/Segurança ;"
"Ministro da Defesa;Brasília;18/06/2021 - 16:35;Rio de Janeiro (Santos Dumont);18/06/2021 - 18:00;Serviço ;"
"Ministro da Infraestrutura;Marabá;18/06/2021 - 19:00;Brasília;18/06/2021 - 20:40;Serviço ;COMPARTILHADO COM O MMA"
"Ministra da Agricultura, Pecuária e Abastecimento;Marabá;18/06/2021 - 19:00;Brasília;18/06/2021 - 20:40;Serviço ;COMPARTILHADO COM O MINF"
"Ministro do Turismo;Brasília;18/06/2021 - 07:40;Caruaru;18/06/2021 - 09:50;Serviço ;"
"Ministro do Turismo;Caruaru;18/06/2021 - 14:40;Paulo Afonso;18/06/2021 - 15:15;Serviço ;"
"Ministro do Desenvolvimento Regional;Brasília;17/06/2021 - 07:50;Recife;17/06/2021 - 10:05;Serviço ;"
"Ministro do Desenvolvimento Regional;Recife;17/06/2021 - 17:55;João Pessoa;17/06/2021 - 18:15;Serviço ;"
"Ministro do Desenvolvimento Regional;João Pessoa;18/06/2021 - 15:10;Paulo Afonso;18/06/2021 - 15:55;Serviço ;"
"Ministro do Desenvolvimento Regional;Paulo Afonso;18/06/2021 - 18:35;Aracaju;18/06/2021 - 19:00;Serviço ;"
"Ministro do Desenvolvimento Regional;Aracaju;18/06/2021 - 19:50;Brasília;18/06/2021 - 21:50;Serviço;"
"Ministro da Defesa;Rio de Janeiro (Galeão);19/06/2021 - 16:45;Brasília;19/06/2021 - 18:20;Serviço;"
"Ministro da Cidadania;Paulo Afonso;18/06/2021 - 18:40;Recife;18/06/2021 - 19:25;Serviço;"
"Ministro da Cidadania;Recife;19/06/2021 - 15:20;Feira De Santana;19/06/2021 - 16:20;Serviço;"
"Comandante da Aeronáutica;Brasília;13/06/2021 - 14:45;Manaus (Eduardo Gomes);13/06/2021 - 16:15;Serviço;"
"Comandante da Aeronáutica;Manaus (Eduardo Gomes);14/06/2021 - 09:15;Tegucigalpa (Honduras);14/06/2021 - 12:25;Serviço;"
"Comandante da Aeronáutica;Tegucigalpa (Honduras);16/06/2021 - 15:20;Roatan Island (Honduras);16/06/2021 - 15:50;Serviço;"
"Comandante da Aeronáutica;Roatan Island (Honduras);19/06/2021 - 09:00;Manaus (Ponta Pelada);19/06/2021 - 15:55;Serviço;"
"Comandante da Aeronáutica;Manaus (Ponta Pelada);19/06/2021 - 16:40;Brasília;19/06/2021 - 20:15;Serviço;"
"Presidente da Câmara dos Deputados;Maceió;20/06/2021 - 21:20;Brasília;20/06/2021 - 23:50;Serviço ;"
"Ministro da Saúde;Rio de Janeiro (Santos Dumont);20/06/2021 - 17:40;Brasília;20/06/2021 - 19:15;Serviço ;"
"Presidente  do Supremo Tribunal Federal;Rio de Janeiro (Santos Dumont);21/06/2021 - 16:45;Brasília;21/06/2021 - 18:20;Serviço Segurança ;"
"Ministro da Cidadania;Brasília;21/06/2021 - 07:15;Campinas;21/06/2021 - 08:35;Serviço ;"
"Ministro da Cidadania;Sorocaba;21/06/2021 - 13:45;Brasília;21/06/2021 - 15:15;;"
"Ministro da Saúde;Brasília;21/06/2021 - 21:25;São Paulo (Guarulhos);21/06/2021 - 22:50;Serviço ;"
"Ministro da Saúde;São Paulo (Guarulhos);22/06/2021 - 10:00;Brasília;22/06/2021 - 11:25;Serviço ;"
"Ministro do Meio Ambiente;São Paulo (Congonhas);22/06/2021 - 09:10;Ribeirão Preto;22/06/2021 - 10:00;Serviço ;"
"Ministro do Meio Ambiente;Ribeirão Preto;22/06/2021 - 14:55;Brasília;22/06/2021 - 15:55;Serviço ;"
"Ministro da Justiça e Segurança Pública;Brasília;23/06/2021 - 21:30;Rio de Janeiro (Galeão);23/06/2021 - 22:55;Serviço ;"
"Ministro das Relações Exteriores;Brasília;23/06/2021 - 19:10;Foz Do Iguaçu;23/06/2021 - 21:15;Serviço ;"
"Ministro da Cidadania;Brasília;23/06/2021 - 12:05;João Pessoa;23/06/2021 - 14:30;Serviço ;"
"Ministro da Cidadania;João Pessoa;23/06/2021 - 19:40;Brasília;23/06/2021 - 22:10;Serviço ;"
"Ministro da Economia;Brasília;24/06/2021 - 08:50;São Paulo (Congonhas);24/06/2021 - 10:15;Serviço ;"
"Ministro da Economia;São Paulo (Congonhas);24/06/2021 - 19:30;Brasília;24/06/2021 - 21:00;Serviço ;"
"Ministro da Infraestrutura;Brasília;24/06/2021 - 08:55;São Roque;24/06/2021 - 10:15;Serviço ;"
"Ministro da Infraestrutura;São Roque;24/06/2021 - 12:40;Florianópolis;24/06/2021 - 13:35;Serviço ;"
"Ministro da Infraestrutura;Florianópolis;24/06/2021 - 17:35;Chapecó;24/06/2021 - 18:30;Serviço ;"
"Ministro da Educação;Brasília;20/06/2021 - 17:30;Fortaleza;20/06/2021 - 19:55;Serviço ;"
"Ministro da Educação;Fortaleza;20/06/2021 - 21:05;Gran Canaria Island (Espanha);21/06/2021 - 07:00;Serviço ;"
"Ministro da Educação;Gran Canaria Island (Espanha);21/06/2021 - 08:35;Catania (Itália);21/06/2021 - 13:45;Serviço ;"
"Ministro da Educação;Catania (Itália);23/06/2021 - 22:00;Gran Canaria Island (Espanha);24/06/2021 - 02:05;Serviço ;"
"Ministro da Educação;Gran Canaria Island (Espanha);24/06/2021 - 03:10;Praia (Cabo Verde);24/06/2021 - 03:35;Serviço ;"
"Ministro da Educação;Praia (Cabo Verde);24/06/2021 - 04:30;Fortaleza;24/06/2021 - 06:20;Serviço ;"
"Ministro da Educação;Fortaleza;24/06/2021 - 07:20;Brasília;24/06/2021 - 09:50;Serviço ;"
"Ministro da Ciência, Tecnologia e Inovação;Brasília;24/06/2021 - 16:10;Sorocaba;24/06/2021 - 17:30;Serviço ;"
"Ministro do Turismo;Brasília;24/06/2021 - 08:05;Maceió;24/06/2021 - 10:15;Serviço ;"
"Presidente do Congresso Nacional;Brasília;25/06/2021 - 15:15;Belo Horizonte (Pampulha);25/06/2021 - 16:15;Serviço/Segurança ;"
"Presidente da Câmara dos Deputados;Brasília;24/06/2021 - 16:00;São Paulo (Congonhas);24/06/2021 - 17:25;Serviço ;"
"Presidente da Câmara dos Deputados;São Paulo (Congonhas);25/06/2021 - 08:25;Brasília;25/06/2021 - 09:55;Serviço ;"
"Presidente  do Supremo Tribunal Federal;Brasília;25/06/2021 - 17:30;Rio de Janeiro (Santos Dumont);25/06/2021 - 18:55;Serviço/Segurança ;"
"Ministro da Justiça e Segurança Pública;Rio de Janeiro (Santos Dumont);25/06/2021 - 15:15;Brasília;25/06/2021 - 16:50;Serviço ;"
"Ministro das Relações Exteriores;Foz Do Iguaçu;25/06/2021 - 12:40;Brasília;25/06/2021 - 14:30;Serviço ;"
"Ministro da Saúde;Brasília;25/06/2021 - 06:45;Campinas;25/06/2021 - 08:00;Serviço ;"
"Ministro da Saúde;Campinas;25/06/2021 - 10:45;João Pessoa;25/06/2021 - 13:45;Serviço ;"
"Ministra  da Mulher, da Família e dos Direitos Humanos;São Paulo (Congonhas);26/06/2021 - 10:45;Brasília;26/06/2021 - 12:20;Serviço ;"
"Ministro da Saúde;João Pessoa;27/06/2021 - 15:50;Brasília;27/06/2021 - 18:20;Serviço ;"
"Ministro das Comunicações;São Roque;27/06/2021 - 17:55;Brasília;27/06/2021 - 19:15;Serviço ;"
"Presidente  do Supremo Tribunal Federal;Rio de Janeiro (Santos Dumont);28/06/2021 - 16:15;Brasília;28/06/2021 - 17:55;Serviço Segurança ;"
"Ministro do Turismo;Maceió;28/06/2021 - 07:10;Salvador;28/06/2021 - 08:05;Serviço ;"
"Ministro do Turismo;Salvador;29/06/2021 - 09:00;Ilhéus;29/06/2021 - 09:40;Serviço ;"
"Ministro do Turismo;Ilhéus;29/06/2021 - 16:25;Brasília;29/06/2021 - 17:55;Serviço ;"
"Ministro do Desenvolvimento Regional;Natal;29/06/2021 - 07:20;Macapá;29/06/2021 - 10:05;Serviço ;"
"Ministro do Desenvolvimento Regional;Macapá;29/06/2021 - 15:30;Brasília;29/06/2021 - 18:00;Serviço ;"
"Comandante do Exército;Brasília;29/06/2021 - 16:00;Rio de Janeiro (Santos Dumont);29/06/2021 - 17:20;Serviço ;"
"Presidente do Congresso Nacional;SBBH - Belo Horizonte (Pampulha);28/06/2021 - 18:20;SBGL - Rio de Janeiro (Galeão);28/06/2021 - 19:05;Serviço Segurança ;"
"Presidente do Congresso Nacional;SBGL - Rio de Janeiro (Galeão);28/06/2021 - 23:35;SBBR - Brasília;29/06/2021 - 01:10;Serviço Segurança ;"
"Ministro das Minas e Energia;São Paulo (Congonhas);30/06/2021 - 13:40;Brasília;30/06/2021 - 15:10;Serviço ;"
"Comandante do Exército;Brasília;06/07/2021 - 13:55;Canoas;06/07/2021 - 16:30;Serviço ;"
